mc	mn	quarterbeats	quarterbeats_all_endings	duration_qb	mc_onset	mn_onset	timesig	staff	voice	duration	nominal_duration	scalar	tied	tpc	midi	name	octave	chord_id
1	1	0	0	2.0	0	0	4/4	4	1	1/2	1/2	1		4	52	E3	3	0
1	1	0	0	2.0	0	0	4/4	5	1	1/2	1/2	1		4	52	E3	3	2
1	1	2	2	2.0	1/2	1/2	4/4	4	1	1/2	1/2	1		1	55	G3	3	1
1	1	2	2	2.0	1/2	1/2	4/4	5	1	1/2	1/2	1		1	55	G3	3	3
2	2	4	4	2.0	0	0	4/4	4	1	1/2	1/2	1		9	51	D#3	3	4
2	2	4	4	2.0	0	0	4/4	5	1	1/2	1/2	1		9	51	D#3	3	6
2	2	6	6	2.0	1/2	1/2	4/4	4	1	1/2	1/2	1		0	60	C4	4	5
2	2	6	6	2.0	1/2	1/2	4/4	5	1	1/2	1/2	1		0	60	C4	4	7
3	3	8	8	2.0	0	0	4/4	3	1	1/2	1/2	1		5	59	B3	3	8
3	3	8	8	2.0	0	0	4/4	4	1	1/2	1/2	1		5	59	B3	3	10
3	3	8	8	2.0	0	0	4/4	5	1	1/2	1/2	1		5	59	B3	3	15
3	3	8	8	2.0	0	0	4/4	5	2	1/2	1/2	1		5	59	B3	3	17
3	3	10	10	0.75	1/2	1/2	4/4	4	1	3/16	1/8	3/2		5	47	B2	2	11
3	3	10	10	0.75	1/2	1/2	4/4	5	2	3/16	1/8	3/2		5	47	B2	2	18
3	3	10	10	2.0	1/2	1/2	4/4	3	1	1/2	1/2	1		2	62	D4	4	9
3	3	10	10	2.0	1/2	1/2	4/4	5	1	1/2	1/2	1		2	62	D4	4	16
3	3	43/4	43/4	0.25	11/16	11/16	4/4	4	1	1/16	1/16	1		7	49	C#3	3	12
3	3	43/4	43/4	0.25	11/16	11/16	4/4	5	2	1/16	1/16	1		7	49	C#3	3	19
3	3	11	11	0.5	3/4	3/4	4/4	4	1	1/8	1/8	1		2	50	D3	3	13
3	3	11	11	0.5	3/4	3/4	4/4	5	2	1/8	1/8	1		2	50	D3	3	20
3	3	23/2	23/2	0.5	7/8	7/8	4/4	4	1	1/8	1/8	1		4	52	E3	3	14
3	3	23/2	23/2	0.5	7/8	7/8	4/4	5	2	1/8	1/8	1		4	52	E3	3	21
4	4	12	12	0.5	0	0	4/4	4	1	1/8	1/8	1		6	54	F#3	3	24
4	4	12	12	0.5	0	0	4/4	5	2	1/8	1/8	1		6	54	F#3	3	36
4	4	12	12	2.0	0	0	4/4	3	1	1/2	1/2	1		10	58	A#3	3	22
4	4	12	12	2.0	0	0	4/4	5	1	1/2	1/2	1		10	58	A#3	3	34
4	4	25/2	25/2	0.25	1/8	1/8	4/4	4	1	1/16	1/16	1		4	52	E3	3	25
4	4	25/2	25/2	0.25	1/8	1/8	4/4	5	2	1/16	1/16	1		4	52	E3	3	37
4	4	51/4	51/4	0.25	3/16	3/16	4/4	4	1	1/16	1/16	1		2	50	D3	3	26
4	4	51/4	51/4	0.25	3/16	3/16	4/4	5	2	1/16	1/16	1		2	50	D3	3	38
4	4	13	13	0.5	1/4	1/4	4/4	4	1	1/8	1/8	1		7	49	C#3	3	27
4	4	13	13	0.5	1/4	1/4	4/4	5	2	1/8	1/8	1		7	49	C#3	3	39
4	4	27/2	27/2	0.5	3/8	3/8	4/4	4	1	1/8	1/8	1		2	50	D3	3	28
4	4	27/2	27/2	0.5	3/8	3/8	4/4	5	2	1/8	1/8	1		2	50	D3	3	40
4	4	14	14	0.5	1/2	1/2	4/4	4	1	1/8	1/8	1		4	52	E3	3	29
4	4	14	14	0.5	1/2	1/2	4/4	5	2	1/8	1/8	1		4	52	E3	3	41
4	4	14	14	2.0	1/2	1/2	4/4	3	1	1/2	1/2	1		1	67	G4	4	23
4	4	14	14	2.0	1/2	1/2	4/4	5	1	1/2	1/2	1		1	67	G4	4	35
4	4	29/2	29/2	0.25	5/8	5/8	4/4	4	1	1/16	1/16	1		2	50	D3	3	30
4	4	29/2	29/2	0.25	5/8	5/8	4/4	5	2	1/16	1/16	1		2	50	D3	3	42
4	4	59/4	59/4	0.25	11/16	11/16	4/4	4	1	1/16	1/16	1		7	49	C#3	3	31
4	4	59/4	59/4	0.25	11/16	11/16	4/4	5	2	1/16	1/16	1		7	49	C#3	3	43
4	4	15	15	0.5	3/4	3/4	4/4	4	1	1/8	1/8	1		5	47	B2	2	32
4	4	15	15	0.5	3/4	3/4	4/4	5	2	1/8	1/8	1		5	47	B2	2	44
4	4	31/2	31/2	0.5	7/8	7/8	4/4	4	1	1/8	1/8	1		7	49	C#3	3	33
4	4	31/2	31/2	0.5	7/8	7/8	4/4	5	2	1/8	1/8	1		7	49	C#3	3	45
5	5	16	16	0.5	0	0	4/4	4	1	1/8	1/8	1		2	50	D3	3	48
5	5	16	16	0.5	0	0	4/4	5	2	1/8	1/8	1		2	50	D3	3	59
5	5	16	16	2.0	0	0	4/4	3	1	1/2	1/2	1		6	66	F#4	4	47
5	5	16	16	2.0	0	0	4/4	5	1	1/2	1/2	1		6	66	F#4	4	58
5	5	33/2	33/2	0.25	1/8	1/8	4/4	4	1	1/16	1/16	1		7	49	C#3	3	49
5	5	33/2	33/2	0.25	1/8	1/8	4/4	5	2	1/16	1/16	1		7	49	C#3	3	60
5	5	67/4	67/4	0.25	3/16	3/16	4/4	4	1	1/16	1/16	1		5	47	B2	2	50
5	5	67/4	67/4	0.25	3/16	3/16	4/4	5	2	1/16	1/16	1		5	47	B2	2	61
5	5	17	17	0.5	1/4	1/4	4/4	4	1	1/8	1/8	1		7	49	C#3	3	51
5	5	17	17	0.5	1/4	1/4	4/4	5	2	1/8	1/8	1		7	49	C#3	3	62
5	5	35/2	35/2	0.5	3/8	3/8	4/4	4	1	1/8	1/8	1		9	51	D#3	3	52
5	5	35/2	35/2	0.5	3/8	3/8	4/4	5	2	1/8	1/8	1		9	51	D#3	3	63
5	5	18	18	0.5	1/2	1/2	4/4	4	1	1/8	1/8	1		4	52	E3	3	53
5	5	18	18	0.5	1/2	1/2	4/4	5	2	1/8	1/8	1		4	52	E3	3	64
5	5	18	18	2.0	1/2	1/2	4/4	2	1	1/2	1/2	1		4	64	E4	4	46
5	5	37/2	37/2	0.25	5/8	5/8	4/4	4	1	1/16	1/16	1		1	55	G3	3	54
5	5	37/2	37/2	0.25	5/8	5/8	4/4	5	2	1/16	1/16	1		1	55	G3	3	65
5	5	75/4	75/4	0.25	11/16	11/16	4/4	4	1	1/16	1/16	1		6	54	F#3	3	55
5	5	75/4	75/4	0.25	11/16	11/16	4/4	5	2	1/16	1/16	1		6	54	F#3	3	66
5	5	19	19	0.5	3/4	3/4	4/4	4	1	1/8	1/8	1		4	52	E3	3	56
5	5	19	19	0.5	3/4	3/4	4/4	5	2	1/8	1/8	1		4	52	E3	3	67
5	5	39/2	39/2	0.5	7/8	7/8	4/4	4	1	1/8	1/8	1		2	50	D3	3	57
5	5	39/2	39/2	0.5	7/8	7/8	4/4	5	2	1/8	1/8	1		2	50	D3	3	68
6	6	20	20	2.0	0	0	4/4	4	1	1/2	1/2	1		0	48	C3	3	80
6	6	20	20	2.0	0	0	4/4	5	1	1/2	1/2	1		0	48	C3	3	82
6	6	20	20	0.75	0	0	4/4	3	1	3/16	1/8	3/2		4	52	E3	3	71
6	6	20	20	2.0	0	0	4/4	2	1	1/2	1/2	1		1	67	G4	4	69
6	6	83/4	83/4	0.25	3/16	3/16	4/4	3	1	1/16	1/16	1		6	54	F#3	3	72
6	6	21	21	0.5	1/4	1/4	4/4	3	1	1/8	1/8	1		1	55	G3	3	73
6	6	43/2	43/2	0.5	3/8	3/8	4/4	3	1	1/8	1/8	1		3	57	A3	3	74
6	6	22	22	1.0	1/2	1/2	4/4	4	1	1/4	1/4	1		5	47	B2	2	81
6	6	22	22	1.0	1/2	1/2	4/4	5	1	1/4	1/4	1		5	47	B2	2	83
6	6	22	22	0.5	1/2	1/2	4/4	3	1	1/8	1/8	1		5	59	B3	3	75
6	6	22	22	2.0	1/2	1/2	4/4	2	1	1/2	1/2	1		9	63	D#4	4	70
6	6	45/2	45/2	0.25	5/8	5/8	4/4	3	1	1/16	1/16	1		3	57	A3	3	76
6	6	91/4	91/4	0.25	11/16	11/16	4/4	3	1	1/16	1/16	1		1	55	G3	3	77
6	6	23	23	0.5	3/4	3/4	4/4	3	1	1/8	1/8	1		6	54	F#3	3	78
6	6	23	23	0.5	3/4	3/4	4/4	5	1	1/8	1/8	1		-8	64	Fb4	4	84
6	6	47/2	47/2	0.5	7/8	7/8	4/4	3	1	1/8	1/8	1		1	55	G3	3	79
6	6	47/2	47/2	0.5	7/8	7/8	4/4	5	1	1/8	1/8	1		1	67	G4	4	85
7	7	24	24	0.5	0	0	4/4	3	1	1/8	1/8	1		3	57	A3	3	89
7	7	24	24	0.5	0	0	4/4	5	1	1/8	1/8	1		3	69	A4	4	97
7	7	24	24	2.0	0	0	4/4	2	1	1/2	1/2	1		0	72	C5	5	87
7	7	49/2	49/2	0.25	1/8	1/8	4/4	3	1	1/16	1/16	1		1	55	G3	3	90
7	7	49/2	49/2	0.25	1/8	1/8	4/4	5	1	1/16	1/16	1		1	67	G4	4	98
7	7	99/4	99/4	0.25	3/16	3/16	4/4	3	1	1/16	1/16	1		6	54	F#3	3	91
7	7	99/4	99/4	0.25	3/16	3/16	4/4	5	1	1/16	1/16	1		6	66	F#4	4	99
7	7	25	25	0.5	1/4	1/4	4/4	3	1	1/8	1/8	1		4	52	E3	3	92
7	7	25	25	0.5	1/4	1/4	4/4	5	1	1/8	1/8	1		4	64	E4	4	100
7	7	51/2	51/2	0.5	3/8	3/8	4/4	3	1	1/8	1/8	1		6	54	F#3	3	93
7	7	51/2	51/2	0.5	3/8	3/8	4/4	5	1	1/8	1/8	1		6	66	F#4	4	101
7	7	26	26	1.0	1/2	1/2	4/4	3	1	1/4	1/4	1		1	55	G3	3	94
7	7	26	26	1.0	1/2	1/2	4/4	5	1	1/4	1/4	1		1	67	G4	4	102
7	7	26	26	2.0	1/2	1/2	4/4	1	1	1/2	1/2	1		5	71	B4	4	86
7	7	26	26	2.0	1/2	1/2	4/4	2	1	1/2	1/2	1		5	71	B4	4	88
7	7	27	27	0.5	3/4	3/4	4/4	3	1	1/8	1/8	1		6	54	F#3	3	95
7	7	27	27	0.5	3/4	3/4	4/4	5	1	1/8	1/8	1		6	66	F#4	4	103
7	7	55/2	55/2	0.5	7/8	7/8	4/4	3	1	1/8	1/8	1		4	52	E3	3	96
7	7	55/2	55/2	0.5	7/8	7/8	4/4	5	1	1/8	1/8	1		4	64	E4	4	104
8	8	28	28	0.5	0	0	4/4	3	1	1/8	1/8	1		2	50	D3	3	116
8	8	28	28	0.75	0	0	4/4	2	1	3/16	1/8	3/2		5	59	B3	3	107
8	8	28	28	0.5	0	0	4/4	5	1	1/8	1/8	1		2	62	D4	4	125
8	8	28	28	2.0	0	0	4/4	1	1	1/2	1/2	1		2	74	D5	5	105
8	8	57/2	57/2	0.5	1/8	1/8	4/4	3	1	1/8	1/8	1		7	49	C#3	3	117
8	8	57/2	57/2	0.5	1/8	1/8	4/4	5	1	1/8	1/8	1		7	61	C#4	4	126
8	8	115/4	115/4	0.25	3/16	3/16	4/4	2	1	1/16	1/16	1		7	61	C#4	4	108
8	8	29	29	0.25	1/4	1/4	4/4	3	1	1/16	1/16	1		5	47	B2	2	118
8	8	29	29	0.25	1/4	1/4	4/4	5	1	1/16	1/16	1		5	59	B3	3	127
8	8	29	29	0.5	1/4	1/4	4/4	2	1	1/8	1/8	1		-5	61	Db4	4	109
8	8	117/4	117/4	0.25	5/16	5/16	4/4	3	1	1/16	1/16	1		5	59	B3	3	119
8	8	117/4	117/4	0.25	5/16	5/16	4/4	5	1	1/16	1/16	1		5	71	B4	4	128
8	8	59/2	59/2	0.25	3/8	3/8	4/4	3	1	1/16	1/16	1		3	57	A3	3	120
8	8	59/2	59/2	0.5	3/8	3/8	4/4	2	1	1/8	1/8	1		4	64	E4	4	110
8	8	59/2	59/2	0.25	3/8	3/8	4/4	5	1	1/16	1/16	1		3	69	A4	4	129
8	8	119/4	119/4	0.25	7/16	7/16	4/4	3	1	1/16	1/16	1		1	55	G3	3	121
8	8	119/4	119/4	0.25	7/16	7/16	4/4	5	1	1/16	1/16	1		1	67	G4	4	130
8	8	30	30	0.5	1/2	1/2	4/4	3	1	1/8	1/8	1		6	54	F#3	3	122
8	8	30	30	0.5	1/2	1/2	4/4	2	1	1/8	1/8	1		6	66	F#4	4	111
8	8	30	30	0.5	1/2	1/2	4/4	5	1	1/8	1/8	1		6	66	F#4	4	131
8	8	30	30	2.0	1/2	1/2	4/4	1	1	1/2	1/2	1		10	70	A#4	4	106
8	8	61/2	61/2	0.5	5/8	5/8	4/4	3	1	1/8	1/8	1		7	49	C#3	3	123
8	8	61/2	61/2	0.5	5/8	5/8	4/4	5	1	1/8	1/8	1		7	61	C#4	4	132
8	8	61/2	61/2	0.25	5/8	5/8	4/4	2	1	1/16	1/16	1		4	64	E4	4	112
8	8	123/4	123/4	0.25	11/16	11/16	4/4	2	1	1/16	1/16	1		-5	61	Db4	4	113
8	8	31	31	1.0	3/4	3/4	4/4	3	1	1/4	1/4	1		6	54	F#3	3	124
8	8	31	31	0.5	3/4	3/4	4/4	2	1	1/8	1/8	1		7	61	C#4	4	114
8	8	31	31	1.0	3/4	3/4	4/4	5	1	1/4	1/4	1	1	6	66	F#4	4	133
8	8	63/2	63/2	0.5	7/8	7/8	4/4	2	1	1/8	1/8	1		-5	61	Db4	4	115
9	9	32	32	0.5	0	0	4/4	3	1	1/8	1/8	1		6	54	F#3	3	146
9	9	32	32	0.5	0	0	4/4	2	1	1/8	1/8	1		4	64	E4	4	136
9	9	32	32	0.5	0	0	4/4	5	1	1/8	1/8	1	-1	6	66	F#4	4	155
9	9	32	32	2.0	0	0	4/4	1	1	1/2	1/2	1		1	79	G5	5	134
9	9	65/2	65/2	0.25	1/8	1/8	4/4	3	1	1/16	1/16	1		4	52	E3	3	147
9	9	65/2	65/2	0.25	1/8	1/8	4/4	2	1	1/16	1/16	1		2	62	D4	4	137
9	9	65/2	65/2	0.25	1/8	1/8	4/4	5	1	1/16	1/16	1		4	64	E4	4	156
9	9	131/4	131/4	0.25	3/16	3/16	4/4	3	1	1/16	1/16	1		6	54	F#3	3	148
9	9	131/4	131/4	0.25	3/16	3/16	4/4	2	1	1/16	1/16	1		7	61	C#4	4	138
9	9	131/4	131/4	0.25	3/16	3/16	4/4	5	1	1/16	1/16	1		6	66	F#4	4	157
9	9	33	33	0.5	1/4	1/4	4/4	3	1	1/8	1/8	1		1	55	G3	3	149
9	9	33	33	0.5	1/4	1/4	4/4	2	1	1/8	1/8	1		5	59	B3	3	139
9	9	33	33	0.5	1/4	1/4	4/4	5	1	1/8	1/8	1		1	67	G4	4	158
9	9	67/2	67/2	0.5	3/8	3/8	4/4	3	1	1/8	1/8	1		3	57	A3	3	150
9	9	67/2	67/2	0.5	3/8	3/8	4/4	2	1	1/8	1/8	1		7	61	C#4	4	140
9	9	67/2	67/2	0.5	3/8	3/8	4/4	5	1	1/8	1/8	1		3	69	A4	4	159
9	9	34	34	0.5	1/2	1/2	4/4	3	1	1/8	1/8	1		5	59	B3	3	151
9	9	34	34	0.5	1/2	1/2	4/4	2	1	1/8	1/8	1		2	62	D4	4	141
9	9	34	34	0.5	1/2	1/2	4/4	5	1	1/8	1/8	1		5	71	B4	4	160
9	9	34	34	2.0	1/2	1/2	4/4	1	1	1/2	1/2	1		6	78	F#5	5	135
9	9	69/2	69/2	0.5	5/8	5/8	4/4	3	1	1/8	1/8	1		5	47	B2	2	152
9	9	69/2	69/2	0.5	5/8	5/8	4/4	5	1	1/8	1/8	1		5	59	B3	3	161
9	9	69/2	69/2	0.25	5/8	5/8	4/4	2	1	1/16	1/16	1		7	61	C#4	4	142
9	9	139/4	139/4	0.25	11/16	11/16	4/4	2	1	1/16	1/16	1		5	59	B3	3	143
9	9	35	35	0.5	3/4	3/4	4/4	3	1	1/8	1/8	1		5	59	B3	3	153
9	9	35	35	0.5	3/4	3/4	4/4	2	1	1/8	1/8	1		7	61	C#4	4	144
9	9	35	35	0.5	3/4	3/4	4/4	5	1	1/8	1/8	1		5	71	B4	4	162
9	9	71/2	71/2	0.5	7/8	7/8	4/4	3	1	1/8	1/8	1		3	57	A3	3	154
9	9	71/2	71/2	0.5	7/8	7/8	4/4	2	1	1/8	1/8	1		9	63	D#4	4	145
9	9	71/2	71/2	0.5	7/8	7/8	4/4	5	1	1/8	1/8	1		3	69	A4	4	163
10	10	36	36	2.0	0	0	4/4	4	1	1/2	1/2	1		4	52	E3	3	182
10	10	36	36	2.0	0	0	4/4	5	1	1/2	1/2	1		4	52	E3	3	184
10	10	36	36	0.5	0	0	4/4	3	1	1/8	1/8	1		1	55	G3	3	177
10	10	36	36	0.75	0	0	4/4	2	1	3/16	1/8	3/2		4	64	E4	4	168
10	10	73/2	73/2	1.0	1/8	1/8	4/4	3	1	1/4	1/4	1		1	67	G4	4	178
10	10	147/4	147/4	0.25	3/16	3/16	4/4	2	1	1/16	1/16	1		6	66	F#4	4	169
10	10	37	37	0.5	1/4	1/4	4/4	2	1	1/8	1/8	1		1	67	G4	4	170
10	10	75/2	75/2	0.5	3/8	3/8	4/4	3	1	1/8	1/8	1		6	66	F#4	4	179
10	10	75/2	75/2	0.5	3/8	3/8	4/4	2	1	1/8	1/8	1		3	69	A4	4	171
10	10	38	38	2.0	1/2	1/2	4/4	4	1	1/2	1/2	1		1	55	G3	3	183
10	10	38	38	2.0	1/2	1/2	4/4	5	1	1/2	1/2	1		1	55	G3	3	185
10	10	38	38	0.75	1/2	1/2	4/4	1	1	3/16	1/8	3/2		4	64	E4	4	164
10	10	38	38	1.0	1/2	1/2	4/4	3	1	1/4	1/4	1		4	64	E4	4	180
10	10	38	38	0.5	1/2	1/2	4/4	2	1	1/8	1/8	1		5	71	B4	4	172
10	10	77/2	77/2	0.5	5/8	5/8	4/4	2	1	1/8	1/8	1		3	69	A4	4	173
10	10	155/4	155/4	0.25	11/16	11/16	4/4	1	1	1/16	1/16	1		6	66	F#4	4	165
10	10	39	39	1.0	3/4	3/4	4/4	3	1	1/4	1/4	1		5	59	B3	3	181
10	10	39	39	0.5	3/4	3/4	4/4	1	1	1/8	1/8	1		1	67	G4	4	166
10	10	39	39	0.5	3/4	3/4	4/4	2	1	1/8	1/8	1		1	67	G4	4	174
10	10	79/2	79/2	0.25	7/8	7/8	4/4	2	1	1/16	1/16	1		6	66	F#4	4	175
10	10	79/2	79/2	0.5	7/8	7/8	4/4	1	1	1/8	1/8	1		3	69	A4	4	167
10	10	159/4	159/4	0.25	15/16	15/16	4/4	2	1	1/16	1/16	1		4	64	E4	4	176
11	11	40	40	2.0	0	0	4/4	4	1	1/2	1/2	1		9	51	D#3	3	206
11	11	40	40	2.0	0	0	4/4	5	1	1/2	1/2	1		9	51	D#3	3	208
11	11	40	40	0.5	0	0	4/4	2	1	1/8	1/8	1		6	66	F#4	4	196
11	11	40	40	0.5	0	0	4/4	1	1	1/8	1/8	1		5	71	B4	4	186
11	11	81/2	81/2	0.5	1/8	1/8	4/4	2	1	1/8	1/8	1		1	67	G4	4	197
11	11	81/2	81/2	0.25	1/8	1/8	4/4	1	1	1/16	1/16	1		3	69	A4	4	187
11	11	163/4	163/4	0.25	3/16	3/16	4/4	1	1	1/16	1/16	1		1	67	G4	4	188
11	11	41	41	0.5	1/4	1/4	4/4	1	1	1/8	1/8	1		6	66	F#4	4	189
11	11	41	41	0.5	1/4	1/4	4/4	2	1	1/8	1/8	1		3	69	A4	4	198
11	11	83/2	83/2	0.25	3/8	3/8	4/4	2	1	1/16	1/16	1		1	67	G4	4	199
11	11	83/2	83/2	0.5	3/8	3/8	4/4	1	1	1/8	1/8	1		1	67	G4	4	190
11	11	167/4	167/4	0.25	7/16	7/16	4/4	2	1	1/16	1/16	1		6	66	F#4	4	200
11	11	42	42	2.0	1/2	1/2	4/4	4	1	1/2	1/2	1		0	60	C4	4	207
11	11	42	42	2.0	1/2	1/2	4/4	5	1	1/2	1/2	1		0	60	C4	4	209
11	11	42	42	0.5	1/2	1/2	4/4	2	1	1/8	1/8	1		4	64	E4	4	201
11	11	42	42	0.5	1/2	1/2	4/4	1	1	1/8	1/8	1		3	69	A4	4	191
11	11	85/2	85/2	0.5	5/8	5/8	4/4	2	1	1/8	1/8	1		6	66	F#4	4	202
11	11	85/2	85/2	0.25	5/8	5/8	4/4	1	1	1/16	1/16	1		1	67	G4	4	192
11	11	171/4	171/4	0.25	11/16	11/16	4/4	1	1	1/16	1/16	1		6	66	F#4	4	193
11	11	43	43	0.5	3/4	3/4	4/4	1	1	1/8	1/8	1		4	64	E4	4	194
11	11	43	43	0.5	3/4	3/4	4/4	2	1	1/8	1/8	1		1	67	G4	4	203
11	11	87/2	87/2	0.25	7/8	7/8	4/4	2	1	1/16	1/16	1		6	66	F#4	4	204
11	11	87/2	87/2	0.5	7/8	7/8	4/4	1	1	1/8	1/8	1		6	66	F#4	4	195
11	11	175/4	175/4	0.25	15/16	15/16	4/4	2	1	1/16	1/16	1		4	64	E4	4	205
12	12	44	44	2.0	0	0	4/4	3	1	1/2	1/2	1		5	59	B3	3	225
12	12	44	44	2.0	0	0	4/4	4	1	1/2	1/2	1		5	59	B3	3	227
12	12	44	44	2.0	0	0	4/4	5	1	1/2	1/2	1		5	59	B3	3	232
12	12	44	44	1.0	0	0	4/4	2	1	1/4	1/4	1		9	63	D#4	4	220
12	12	44	44	0.5	0	0	4/4	1	1	1/8	1/8	1		1	67	G4	4	210
12	12	89/2	89/2	0.25	1/8	1/8	4/4	1	1	1/16	1/16	1		6	66	F#4	4	211
12	12	179/4	179/4	0.25	3/16	3/16	4/4	1	1	1/16	1/16	1		4	64	E4	4	212
12	12	45	45	1.0	1/4	1/4	4/4	2	1	1/4	1/4	1		2	62	D4	4	221
12	12	45	45	0.5	1/4	1/4	4/4	1	1	1/8	1/8	1		6	66	F#4	4	213
12	12	91/2	91/2	0.5	3/8	3/8	4/4	1	1	1/8	1/8	1		8	68	G#4	4	214
12	12	46	46	0.75	1/2	1/2	4/4	4	1	3/16	1/8	3/2		3	57	A3	3	228
12	12	46	46	0.75	1/2	1/2	4/4	5	1	3/16	1/8	3/2		3	57	A3	3	233
12	12	46	46	0.75	1/2	1/2	4/4	2	1	3/16	1/8	3/2		0	60	C4	4	222
12	12	46	46	2.0	1/2	1/2	4/4	3	1	1/2	1/2	1		0	60	C4	4	226
12	12	46	46	0.5	1/2	1/2	4/4	1	1	1/8	1/8	1		3	69	A4	4	215
12	12	93/2	93/2	0.5	5/8	5/8	4/4	1	1	1/8	1/8	1		0	72	C5	5	216
12	12	187/4	187/4	0.25	11/16	11/16	4/4	2	1	1/16	1/16	1		5	59	B3	3	223
12	12	187/4	187/4	0.25	11/16	11/16	4/4	4	1	1/16	1/16	1		5	59	B3	3	229
12	12	187/4	187/4	0.25	11/16	11/16	4/4	5	1	1/16	1/16	1		5	59	B3	3	234
12	12	47	47	1.0	3/4	3/4	4/4	2	1	1/4	1/4	1		3	57	A3	3	224
12	12	47	47	0.5	3/4	3/4	4/4	4	1	1/8	1/8	1		0	60	C4	4	230
12	12	47	47	0.5	3/4	3/4	4/4	5	1	1/8	1/8	1		0	60	C4	4	235
12	12	47	47	0.5	3/4	3/4	4/4	1	1	1/8	1/8	1		4	76	E5	5	217
12	12	95/2	95/2	0.5	7/8	7/8	4/4	4	1	1/8	1/8	1		2	62	D4	4	231
12	12	95/2	95/2	0.5	7/8	7/8	4/4	5	1	1/8	1/8	1		2	62	D4	4	236
12	12	95/2	95/2	0.25	7/8	7/8	4/4	1	1	1/16	1/16	1		2	74	D5	5	218
12	12	191/4	191/4	0.25	15/16	15/16	4/4	1	1	1/16	1/16	1		0	72	C5	5	219
13	13	48	48	2.0	0	0	4/4	3	1	1/2	1/2	1		8	56	G#3	3	251
13	13	48	48	0.5	0	0	4/4	4	1	1/8	1/8	1		4	64	E4	4	253
13	13	48	48	0.5	0	0	4/4	5	1	1/8	1/8	1		4	64	E4	4	263
13	13	48	48	0.5	0	0	4/4	1	1	1/8	1/8	1		5	71	B4	4	237
13	13	97/2	97/2	0.25	1/8	1/8	4/4	4	1	1/16	1/16	1		2	62	D4	4	254
13	13	97/2	97/2	0.25	1/8	1/8	4/4	5	1	1/16	1/16	1		2	62	D4	4	264
13	13	97/2	97/2	0.5	1/8	1/8	4/4	1	1	1/8	1/8	1		0	72	C5	5	238
13	13	195/4	195/4	0.25	3/16	3/16	4/4	4	1	1/16	1/16	1		0	60	C4	4	255
13	13	195/4	195/4	0.25	3/16	3/16	4/4	5	1	1/16	1/16	1		0	60	C4	4	265
13	13	49	49	0.5	1/4	1/4	4/4	4	1	1/8	1/8	1		5	59	B3	3	256
13	13	49	49	0.5	1/4	1/4	4/4	5	1	1/8	1/8	1		5	59	B3	3	266
13	13	49	49	0.5	1/4	1/4	4/4	1	1	1/8	1/8	1		2	74	D5	5	239
13	13	99/2	99/2	0.5	3/8	3/8	4/4	4	1	1/8	1/8	1		0	60	C4	4	257
13	13	99/2	99/2	0.5	3/8	3/8	4/4	5	1	1/8	1/8	1		0	60	C4	4	267
13	13	99/2	99/2	0.25	3/8	3/8	4/4	1	1	1/16	1/16	1		0	72	C5	5	240
13	13	199/4	199/4	0.25	7/16	7/16	4/4	1	1	1/16	1/16	1		5	71	B4	4	241
13	13	50	50	0.5	1/2	1/2	4/4	4	1	1/8	1/8	1		2	62	D4	4	258
13	13	50	50	0.5	1/2	1/2	4/4	5	1	1/8	1/8	1		2	62	D4	4	268
13	13	50	50	2.0	1/2	1/2	4/4	3	1	1/2	1/2	1		-1	65	F4	4	252
13	13	50	50	0.5	1/2	1/2	4/4	1	1	1/8	1/8	1		3	69	A4	4	242
13	13	101/2	101/2	0.25	5/8	5/8	4/4	4	1	1/16	1/16	1		0	60	C4	4	259
13	13	101/2	101/2	0.25	5/8	5/8	4/4	5	1	1/16	1/16	1		0	60	C4	4	269
13	13	101/2	101/2	0.5	5/8	5/8	4/4	2	1	1/8	1/8	1		2	62	D4	4	247
13	13	101/2	101/2	0.5	5/8	5/8	4/4	1	1	1/8	1/8	1		5	71	B4	4	243
13	13	203/4	203/4	0.25	11/16	11/16	4/4	4	1	1/16	1/16	1		5	59	B3	3	260
13	13	203/4	203/4	0.25	11/16	11/16	4/4	5	1	1/16	1/16	1		5	59	B3	3	270
13	13	51	51	0.5	3/4	3/4	4/4	4	1	1/8	1/8	1		3	57	A3	3	261
13	13	51	51	0.5	3/4	3/4	4/4	5	1	1/8	1/8	1		3	57	A3	3	271
13	13	51	51	0.5	3/4	3/4	4/4	2	1	1/8	1/8	1		3	69	A4	4	248
13	13	51	51	0.5	3/4	3/4	4/4	1	1	1/8	1/8	1		0	72	C5	5	244
13	13	103/2	103/2	0.5	7/8	7/8	4/4	4	1	1/8	1/8	1		5	59	B3	3	262
13	13	103/2	103/2	0.5	7/8	7/8	4/4	5	1	1/8	1/8	1		5	59	B3	3	272
13	13	103/2	103/2	0.25	7/8	7/8	4/4	2	1	1/16	1/16	1		1	67	G4	4	249
13	13	103/2	103/2	0.25	7/8	7/8	4/4	1	1	1/16	1/16	1		5	71	B4	4	245
13	13	207/4	207/4	0.25	15/16	15/16	4/4	2	1	1/16	1/16	1		-1	65	F4	4	250
13	13	207/4	207/4	0.25	15/16	15/16	4/4	1	1	1/16	1/16	1		3	69	A4	4	246
14	14	52	52	0.5	0	0	4/4	4	1	1/8	1/8	1		0	60	C4	4	290
14	14	52	52	0.5	0	0	4/4	5	1	1/8	1/8	1		0	60	C4	4	297
14	14	52	52	0.5	0	0	4/4	2	1	1/8	1/8	1		4	64	E4	4	278
14	14	52	52	1.0	0	0	4/4	3	1	1/4	1/4	1		4	64	E4	4	283
14	14	52	52	0.5	0	0	4/4	1	1	1/8	1/8	1		1	67	G4	4	273
14	14	105/2	105/2	0.25	1/8	1/8	4/4	4	1	1/16	1/16	1		5	59	B3	3	291
14	14	105/2	105/2	0.25	1/8	1/8	4/4	5	1	1/16	1/16	1		5	59	B3	3	298
14	14	105/2	105/2	0.5	1/8	1/8	4/4	2	1	1/8	1/8	1		6	66	F#4	4	279
14	14	105/2	105/2	0.5	1/8	1/8	4/4	1	1	1/8	1/8	1		5	71	B4	4	274
14	14	211/4	211/4	0.25	3/16	3/16	4/4	4	1	1/16	1/16	1		3	57	A3	3	292
14	14	211/4	211/4	0.25	3/16	3/16	4/4	5	1	1/16	1/16	1		3	57	A3	3	299
14	14	53	53	0.5	1/4	1/4	4/4	4	1	1/8	1/8	1		1	55	G3	3	293
14	14	53	53	0.5	1/4	1/4	4/4	5	1	1/8	1/8	1		1	55	G3	3	300
14	14	53	53	0.5	1/4	1/4	4/4	3	1	1/8	1/8	1		5	59	B3	3	284
14	14	53	53	0.75	1/4	1/4	4/4	2	1	3/16	1/8	3/2		1	67	G4	4	280
14	14	53	53	1.5	1/4	1/4	4/4	1	1	3/8	1/4	3/2		4	76	E5	5	275
14	14	107/2	107/2	0.5	3/8	3/8	4/4	4	1	1/8	1/8	1		4	52	E3	3	294
14	14	107/2	107/2	0.5	3/8	3/8	4/4	5	1	1/8	1/8	1		4	52	E3	3	301
14	14	107/2	107/2	0.25	3/8	3/8	4/4	3	1	1/16	1/16	1		4	64	E4	4	285
14	14	215/4	215/4	0.25	7/16	7/16	4/4	3	1	1/16	1/16	1		2	62	D4	4	286
14	14	215/4	215/4	0.25	7/16	7/16	4/4	2	1	1/16	1/16	1		6	66	F#4	4	281
14	14	54	54	1.0	1/2	1/2	4/4	4	1	1/4	1/4	1		3	57	A3	3	295
14	14	54	54	1.0	1/2	1/2	4/4	5	1	1/4	1/4	1		3	57	A3	3	302
14	14	54	54	0.5	1/2	1/2	4/4	3	1	1/8	1/8	1		0	60	C4	4	287
14	14	54	54	1.0	1/2	1/2	4/4	2	1	1/4	1/4	1		4	64	E4	4	282
14	14	109/2	109/2	0.5	5/8	5/8	4/4	3	1	1/8	1/8	1		0	60	C4	4	288
14	14	109/2	109/2	0.5	5/8	5/8	4/4	1	1	1/8	1/8	1		3	69	A4	4	276
14	14	55	55	1.0	3/4	3/4	4/4	4	1	1/4	1/4	1		10	58	A#3	3	296
14	14	55	55	1.0	3/4	3/4	4/4	5	1	1/4	1/4	1		10	58	A#3	3	303
14	14	55	55	1.0	3/4	3/4	4/4	3	1	1/4	1/4	1		7	61	C#4	4	289
14	14	55	55	1.0	3/4	3/4	4/4	1	1	1/4	1/4	1	1	4	76	E5	5	277
15	15	56	56	1.0	0	0	4/4	5	1	1/4	1/4	1		5	47	B2	2	313
15	15	56	56	1.0	0	0	4/4	3	1	1/4	1/4	1		6	54	F#3	3	309
15	15	56	56	1.0	0	0	4/4	4	1	1/4	1/4	1		5	59	B3	3	311
15	15	56	56	1.0	0	0	4/4	1	1	1/4	1/4	1	-1	4	76	E5	5	304
15	15	57	57	1.0	1/4	1/4	4/4	4	1	1/4	1/4	1		5	47	B2	2	312
15	15	57	57	1.0	1/4	1/4	4/4	2	1	1/4	1/4	1		6	66	F#4	4	306
15	15	57	57	1.0	1/4	1/4	4/4	1	1	1/4	1/4	1		9	75	D#5	5	305
15	15	57	57	1.0	1/4	1/4	4/4	5	1	1/4	1/4	1		6	78	F#5	5	314
15	15	58	58	1.5	1/2	1/2	4/4	2	1	3/8	1/4	3/2		1	67	G4	4	307
15	15	58	58	1.5	1/2	1/2	4/4	5	1	3/8	1/4	3/2		1	79	G5	5	315
15	15	59	59	1.0	3/4	3/4	4/4	3	1	1/4	1/4	1	1	4	64	E4	4	310
15	15	59	59	1.0	3/4	3/4	4/4	5	2	1/4	1/4	1	1	4	76	E5	5	317
15	15	119/2	119/2	0.5	7/8	7/8	4/4	2	1	1/8	1/8	1		1	67	G4	4	308
15	15	119/2	119/2	0.5	7/8	7/8	4/4	5	1	1/8	1/8	1		1	79	G5	5	316
16	16	60	60	1.0	0	0	4/4	3	1	1/4	1/4	1	-1	4	64	E4	4	323
16	16	60	60	1.0	0	0	4/4	2	1	1/4	1/4	1		8	68	G#4	4	318
16	16	60	60	1.0	0	0	4/4	5	2	1/4	1/4	1	-1	4	76	E5	5	332
16	16	60	60	1.0	0	0	4/4	5	1	1/4	1/4	1		8	80	G#5	5	327
16	16	61	61	1.0	1/4	1/4	4/4	3	1	1/4	1/4	1		2	62	D4	4	324
16	16	61	61	1.0	1/4	1/4	4/4	2	1	1/4	1/4	1		8	68	G#4	4	319
16	16	61	61	1.0	1/4	1/4	4/4	5	2	1/4	1/4	1		2	74	D5	5	333
16	16	61	61	1.0	1/4	1/4	4/4	5	1	1/4	1/4	1		8	80	G#5	5	328
16	16	62	62	1.0	1/2	1/2	4/4	3	1	1/4	1/4	1		7	61	C#4	4	325
16	16	62	62	0.5	1/2	1/2	4/4	2	1	1/8	1/8	1		3	69	A4	4	320
16	16	62	62	1.0	1/2	1/2	4/4	5	2	1/4	1/4	1		7	73	C#5	5	334
16	16	62	62	0.5	1/2	1/2	4/4	5	1	1/8	1/8	1		3	81	A5	5	329
16	16	125/2	125/2	0.5	5/8	5/8	4/4	2	1	1/8	1/8	1		4	64	E4	4	321
16	16	125/2	125/2	0.5	5/8	5/8	4/4	5	1	1/8	1/8	1		4	76	E5	5	330
16	16	63	63	1.0	3/4	3/4	4/4	3	1	1/4	1/4	1		0	60	C4	4	326
16	16	63	63	1.0	3/4	3/4	4/4	2	1	1/4	1/4	1	1	3	69	A4	4	322
16	16	63	63	1.0	3/4	3/4	4/4	5	2	1/4	1/4	1		0	72	C5	5	335
16	16	63	63	1.0	3/4	3/4	4/4	5	1	1/4	1/4	1	1	3	81	A5	5	331
17	17	64	64	1.0	0	0	4/4	3	1	1/4	1/4	1		9	63	D#4	4	340
17	17	64	64	1.0	0	0	4/4	2	1	1/4	1/4	1	-1	3	69	A4	4	337
17	17	64	64	1.0	0	0	4/4	5	2	1/4	1/4	1		9	75	D#5	5	346
17	17	64	64	1.0	0	0	4/4	5	1	1/4	1/4	1	-1	3	81	A5	5	343
17	17	65	65	2.0	1/4	1/4	4/4	3	1	1/2	1/2	1		4	64	E4	4	341
17	17	65	65	1.0	1/4	1/4	4/4	2	1	1/4	1/4	1		1	67	G4	4	338
17	17	65	65	2.0	1/4	1/4	4/4	5	2	1/2	1/2	1		4	76	E5	5	347
17	17	65	65	1.0	1/4	1/4	4/4	5	1	1/4	1/4	1		1	79	G5	5	344
17	17	66	66	2.0	1/2	1/2	4/4	2	1	1/2	1/2	1		6	66	F#4	4	339
17	17	66	66	2.0	1/2	1/2	4/4	5	1	1/2	1/2	1		6	78	F#5	5	345
17	17	67	67	1.0	3/4	3/4	4/4	3	1	1/4	1/4	1		9	63	D#4	4	342
17	17	67	67	1.0	3/4	3/4	4/4	1	1	1/4	1/4	1		5	71	B4	4	336
17	17	67	67	1.0	3/4	3/4	4/4	5	2	1/4	1/4	1		9	75	D#5	5	348
18	18	68	68	1.0	0	0	4/4	3	1	1/4	1/4	1		4	64	E4	4	360
18	18	68	68	0.5	0	0	4/4	2	1	1/8	1/8	1		1	67	G4	4	353
18	18	68	68	1.5	0	0	4/4	1	1	3/8	1/4	3/2		0	72	C5	5	349
18	18	68	68	1.0	0	0	4/4	5	1	1/4	1/4	1		4	76	E5	5	364
18	18	68	68	1.0	0	0	4/4	5	2	1/4	1/4	1		4	76	E5	5	365
18	18	137/2	137/2	0.5	1/8	1/8	4/4	2	1	1/8	1/8	1		6	66	F#4	4	354
18	18	69	69	2.0	1/4	1/4	4/4	4	1	1/2	1/2	1		3	57	A3	3	362
18	18	69	69	2.0	1/4	1/4	4/4	5	2	1/2	1/2	1		3	57	A3	3	366
18	18	69	69	0.5	1/4	1/4	4/4	2	1	1/8	1/8	1		4	64	E4	4	355
18	18	139/2	139/2	0.5	3/8	3/8	4/4	2	1	1/8	1/8	1		6	66	F#4	4	356
18	18	139/2	139/2	0.5	3/8	3/8	4/4	1	1	1/8	1/8	1		0	72	C5	5	350
18	18	70	70	0.5	1/2	1/2	4/4	2	1	1/8	1/8	1		1	67	G4	4	357
18	18	70	70	1.0	1/2	1/2	4/4	1	1	1/4	1/4	1		7	73	C#5	5	351
18	18	141/2	141/2	0.5	5/8	5/8	4/4	2	1	1/8	1/8	1		4	64	E4	4	358
18	18	71	71	1.0	3/4	3/4	4/4	4	1	1/4	1/4	1		1	55	G3	3	363
18	18	71	71	1.0	3/4	3/4	4/4	5	2	1/4	1/4	1		1	55	G3	3	367
18	18	71	71	1.0	3/4	3/4	4/4	3	1	1/4	1/4	1	1	4	64	E4	4	361
18	18	71	71	1.0	3/4	3/4	4/4	2	1	1/4	1/4	1	1	3	69	A4	4	359
18	18	71	71	1.0	3/4	3/4	4/4	1	1	1/4	1/4	1		7	73	C#5	5	352
19	19	72	72	1.0	0	0	4/4	4	1	1/4	1/4	1		6	54	F#3	3	385
19	19	72	72	1.0	0	0	4/4	5	1	1/4	1/4	1		6	54	F#3	3	389
19	19	72	72	1.0	0	0	4/4	3	1	1/4	1/4	1	-1	4	64	E4	4	378
19	19	72	72	0.5	0	0	4/4	2	1	1/8	1/8	1	-1	3	69	A4	4	372
19	19	72	72	0.5	0	0	4/4	1	1	1/8	1/8	1		2	74	D5	5	368
19	19	145/2	145/2	0.5	1/8	1/8	4/4	2	1	1/8	1/8	1		6	66	F#4	4	373
19	19	145/2	145/2	0.5	1/8	1/8	4/4	1	1	1/8	1/8	1		3	69	A4	4	369
19	19	73	73	1.0	1/4	1/4	4/4	4	1	1/4	1/4	1		-1	53	F3	3	386
19	19	73	73	1.0	1/4	1/4	4/4	5	1	1/4	1/4	1		-1	53	F3	3	390
19	19	73	73	0.5	1/4	1/4	4/4	3	1	1/8	1/8	1		2	62	D4	4	379
19	19	73	73	1.0	1/4	1/4	4/4	2	1	1/4	1/4	1		3	69	A4	4	374
19	19	73	73	2.0	1/4	1/4	4/4	1	1	1/2	1/2	1		2	74	D5	5	370
19	19	147/2	147/2	0.5	3/8	3/8	4/4	3	1	1/8	1/8	1		0	60	C4	4	380
19	19	74	74	1.0	1/2	1/2	4/4	4	1	1/4	1/4	1		8	56	G#3	3	387
19	19	74	74	1.0	1/2	1/2	4/4	5	1	1/4	1/4	1		8	56	G#3	3	391
19	19	74	74	0.5	1/2	1/2	4/4	3	1	1/8	1/8	1		5	59	B3	3	381
19	19	74	74	1.0	1/2	1/2	4/4	2	1	1/4	1/4	1		5	71	B4	4	375
19	19	149/2	149/2	0.5	5/8	5/8	4/4	3	1	1/8	1/8	1		4	52	E3	3	382
19	19	75	75	1.0	3/4	3/4	4/4	4	1	1/4	1/4	1	1	3	57	A3	3	388
19	19	75	75	1.0	3/4	3/4	4/4	5	1	1/4	1/4	1	1	3	57	A3	3	392
19	19	75	75	0.5	3/4	3/4	4/4	3	1	1/8	1/8	1		4	64	E4	4	383
19	19	75	75	0.75	3/4	3/4	4/4	2	1	3/16	1/8	3/2		3	69	A4	4	376
19	19	75	75	1.0	3/4	3/4	4/4	1	1	1/4	1/4	1		0	72	C5	5	371
19	19	151/2	151/2	0.5	7/8	7/8	4/4	3	1	1/8	1/8	1		0	60	C4	4	384
19	19	303/4	303/4	0.25	15/16	15/16	4/4	2	1	1/16	1/16	1		1	67	G4	4	377
20	20	76	76	1.0	0	0	4/4	4	1	1/4	1/4	1	-1	3	57	A3	3	410
20	20	76	76	1.0	0	0	4/4	5	1	1/4	1/4	1	-1	3	57	A3	3	414
20	20	76	76	0.5	0	0	4/4	3	1	1/8	1/8	1		2	62	D4	4	403
20	20	76	76	0.5	0	0	4/4	2	1	1/8	1/8	1		6	66	F#4	4	396
20	20	76	76	1.0	0	0	4/4	1	1	1/4	1/4	1		5	71	B4	4	393
20	20	153/2	153/2	0.5	1/8	1/8	4/4	3	1	1/8	1/8	1		0	60	C4	4	404
20	20	153/2	153/2	0.25	1/8	1/8	4/4	2	1	1/16	1/16	1		4	64	E4	4	397
20	20	307/4	307/4	0.25	3/16	3/16	4/4	2	1	1/16	1/16	1		6	66	F#4	4	398
20	20	77	77	1.0	1/4	1/4	4/4	4	1	1/4	1/4	1		1	55	G3	3	411
20	20	77	77	1.0	1/4	1/4	4/4	5	1	1/4	1/4	1		1	55	G3	3	415
20	20	77	77	0.5	1/4	1/4	4/4	3	1	1/8	1/8	1		5	59	B3	3	405
20	20	77	77	0.5	1/4	1/4	4/4	2	1	1/8	1/8	1		1	67	G4	4	399
20	20	77	77	2.0	1/4	1/4	4/4	1	1	1/2	1/2	1		4	76	E5	5	394
20	20	155/2	155/2	0.25	3/8	3/8	4/4	3	1	1/16	1/16	1		3	57	A3	3	406
20	20	155/2	155/2	0.5	3/8	3/8	4/4	2	1	1/8	1/8	1		4	64	E4	4	400
20	20	311/4	311/4	0.25	7/16	7/16	4/4	3	1	1/16	1/16	1		5	59	B3	3	407
20	20	78	78	1.0	1/2	1/2	4/4	4	1	1/4	1/4	1		6	54	F#3	3	412
20	20	78	78	1.0	1/2	1/2	4/4	5	1	1/4	1/4	1		6	54	F#3	3	416
20	20	78	78	1.0	1/2	1/2	4/4	3	1	1/4	1/4	1		7	61	C#4	4	408
20	20	78	78	1.0	1/2	1/2	4/4	2	1	1/4	1/4	1		10	70	A#4	4	401
20	20	79	79	1.0	3/4	3/4	4/4	4	1	1/4	1/4	1		5	59	B3	3	413
20	20	79	79	1.0	3/4	3/4	4/4	5	1	1/4	1/4	1		5	59	B3	3	417
20	20	79	79	1.0	3/4	3/4	4/4	3	1	1/4	1/4	1		2	62	D4	4	409
20	20	79	79	1.0	3/4	3/4	4/4	2	1	1/4	1/4	1	1	5	71	B4	4	402
20	20	79	79	1.0	3/4	3/4	4/4	1	1	1/4	1/4	1		2	74	D5	5	395
21	21	80	80	1.0	0	0	4/4	4	1	1/4	1/4	1		4	52	E3	3	432
21	21	80	80	1.0	0	0	4/4	5	1	1/4	1/4	1		4	52	E3	3	436
21	21	80	80	1.0	0	0	4/4	3	1	1/4	1/4	1		1	55	G3	3	427
21	21	80	80	1.0	0	0	4/4	2	1	1/4	1/4	1	-1	5	71	B4	4	422
21	21	80	80	2.0	0	0	4/4	1	1	1/2	1/2	1		0	72	C5	5	418
21	21	81	81	1.0	1/4	1/4	4/4	4	1	1/4	1/4	1		6	54	F#3	3	433
21	21	81	81	1.0	1/4	1/4	4/4	5	1	1/4	1/4	1		6	54	F#3	3	437
21	21	81	81	1.0	1/4	1/4	4/4	3	1	1/4	1/4	1		3	57	A3	3	428
21	21	81	81	1.0	1/4	1/4	4/4	2	1	1/4	1/4	1		3	69	A4	4	423
21	21	82	82	1.0	1/2	1/2	4/4	4	1	1/4	1/4	1		1	55	G3	3	434
21	21	82	82	1.0	1/2	1/2	4/4	5	1	1/4	1/4	1		1	55	G3	3	438
21	21	82	82	1.0	1/2	1/2	4/4	3	1	1/4	1/4	1		5	59	B3	3	429
21	21	82	82	0.5	1/2	1/2	4/4	2	1	1/8	1/8	1		4	64	E4	4	424
21	21	82	82	1.0	1/2	1/2	4/4	1	1	1/4	1/4	1		5	71	B4	4	419
21	21	165/2	165/2	0.5	5/8	5/8	4/4	2	1	1/8	1/8	1		6	66	F#4	4	425
21	21	83	83	1.0	3/4	3/4	4/4	4	1	1/4	1/4	1		4	52	E3	3	435
21	21	83	83	1.0	3/4	3/4	4/4	5	1	1/4	1/4	1		4	52	E3	3	439
21	21	83	83	0.5	3/4	3/4	4/4	3	1	1/8	1/8	1		4	64	E4	4	430
21	21	83	83	1.0	3/4	3/4	4/4	2	1	1/4	1/4	1	1	1	67	G4	4	426
21	21	83	83	0.5	3/4	3/4	4/4	1	1	1/8	1/8	1		7	73	C#5	5	420
21	21	167/2	167/2	0.5	7/8	7/8	4/4	3	1	1/8	1/8	1		2	62	D4	4	431
21	21	167/2	167/2	0.5	7/8	7/8	4/4	1	1	1/8	1/8	1		5	71	B4	4	421
22	22	84	84	1.0	0	0	4/4	4	1	1/4	1/4	1		6	54	F#3	3	450
22	22	84	84	1.0	0	0	4/4	5	1	1/4	1/4	1		6	54	F#3	3	454
22	22	84	84	1.0	0	0	4/4	3	1	1/4	1/4	1		7	61	C#4	4	447
22	22	84	84	1.0	0	0	4/4	2	1	1/4	1/4	1	-1	1	67	G4	4	443
22	22	84	84	1.0	0	0	4/4	1	1	1/4	1/4	1		10	70	A#4	4	440
22	22	85	85	1.0	1/4	1/4	4/4	4	1	1/4	1/4	1		5	47	B2	2	451
22	22	85	85	1.0	1/4	1/4	4/4	5	1	1/4	1/4	1		5	47	B2	2	455
22	22	85	85	1.0	1/4	1/4	4/4	3	1	1/4	1/4	1		2	62	D4	4	448
22	22	85	85	1.0	1/4	1/4	4/4	2	1	1/4	1/4	1		6	66	F#4	4	444
22	22	85	85	2.0	1/4	1/4	4/4	1	1	1/2	1/2	1		5	71	B4	4	441
22	22	86	86	1.5	1/2	1/2	4/4	4	1	3/8	1/4	3/2		6	54	F#3	3	452
22	22	86	86	1.5	1/2	1/2	4/4	5	1	3/8	1/4	3/2		6	54	F#3	3	456
22	22	86	86	2.0	1/2	1/2	4/4	3	1	1/2	1/2	1		7	61	C#4	4	449
22	22	86	86	1.5	1/2	1/2	4/4	2	1	3/8	1/4	3/2		6	66	F#4	4	445
22	22	87	87	1.0	3/4	3/4	4/4	1	1	1/4	1/4	1		10	70	A#4	4	442
22	22	175/2	175/2	0.5	7/8	7/8	4/4	4	1	1/8	1/8	1		6	54	F#3	3	453
22	22	175/2	175/2	0.5	7/8	7/8	4/4	5	1	1/8	1/8	1		6	54	F#3	3	457
22	22	175/2	175/2	0.5	7/8	7/8	4/4	2	1	1/8	1/8	1		6	66	F#4	4	446
23	23	88	88	1.0	0	0	4/4	5	1	1/4	1/4	1		5	47	B2	2	467
23	23	88	88	2.0	0	0	4/4	4	1	1/2	1/2	1		5	47	B2	2	466
23	23	88	88	2.0	0	0	4/4	3	1	1/2	1/2	1		5	59	B3	3	464
23	23	88	88	2.0	0	0	4/4	2	1	1/2	1/2	1		6	66	F#4	4	463
23	23	88	88	1.0	0	0	4/4	1	1	1/4	1/4	1		5	71	B4	4	458
23	23	89	89	1.0	1/4	1/4	4/4	5	1	1/4	1/4	1		5	71	B4	4	468
23	23	90	90	2.0	1/2	1/2	4/4	3	1	1/2	1/2	1		2	62	D4	4	465
23	23	90	90	0.75	1/2	1/2	4/4	1	1	3/16	1/8	3/2		5	71	B4	4	459
23	23	90	90	2.0	1/2	1/2	4/4	5	1	1/2	1/2	1		2	74	D5	5	469
23	23	363/4	363/4	0.25	11/16	11/16	4/4	1	1	1/16	1/16	1		7	73	C#5	5	460
23	23	91	91	0.5	3/4	3/4	4/4	1	1	1/8	1/8	1		2	74	D5	5	461
23	23	183/2	183/2	0.5	7/8	7/8	4/4	1	1	1/8	1/8	1		4	76	E5	5	462
24	24	92	92	2.0	0	0	4/4	3	1	1/2	1/2	1		10	58	A#3	3	480
24	24	92	92	2.0	0	0	4/4	5	1	1/2	1/2	1		10	70	A#4	4	482
24	24	92	92	0.5	0	0	4/4	1	1	1/8	1/8	1		6	78	F#5	5	470
24	24	185/2	185/2	0.25	1/8	1/8	4/4	1	1	1/16	1/16	1		4	76	E5	5	471
24	24	371/4	371/4	0.25	3/16	3/16	4/4	1	1	1/16	1/16	1		2	74	D5	5	472
24	24	93	93	0.5	1/4	1/4	4/4	1	1	1/8	1/8	1		7	73	C#5	5	473
24	24	187/2	187/2	0.5	3/8	3/8	4/4	1	1	1/8	1/8	1		2	74	D5	5	474
24	24	94	94	2.0	1/2	1/2	4/4	3	1	1/2	1/2	1		1	67	G4	4	481
24	24	94	94	0.5	1/2	1/2	4/4	1	1	1/8	1/8	1		4	76	E5	5	475
24	24	94	94	2.0	1/2	1/2	4/4	5	1	1/2	1/2	1		1	79	G5	5	483
24	24	189/2	189/2	0.25	5/8	5/8	4/4	1	1	1/16	1/16	1		2	74	D5	5	476
24	24	379/4	379/4	0.25	11/16	11/16	4/4	1	1	1/16	1/16	1		7	73	C#5	5	477
24	24	95	95	0.5	3/4	3/4	4/4	1	1	1/8	1/8	1		5	71	B4	4	478
24	24	191/2	191/2	0.5	7/8	7/8	4/4	1	1	1/8	1/8	1		7	73	C#5	5	479
25	25	96	96	2.0	0	0	4/4	2	1	1/2	1/2	1		6	66	F#4	4	488
25	25	96	96	2.0	0	0	4/4	3	1	1/2	1/2	1		6	66	F#4	4	490
25	25	96	96	1.0	0	0	4/4	1	1	1/4	1/4	1		2	74	D5	5	484
25	25	96	96	2.0	0	0	4/4	5	1	1/2	1/2	1		6	78	F#5	5	495
25	25	97	97	1.5	1/4	1/4	4/4	1	1	3/8	1/4	3/2		7	73	C#5	5	485
25	25	98	98	0.75	1/2	1/2	4/4	4	1	3/16	1/8	3/2		6	54	F#3	3	491
25	25	98	98	0.75	1/2	1/2	4/4	5	1	3/16	1/8	3/2		6	54	F#3	3	496
25	25	98	98	2.0	1/2	1/2	4/4	2	1	1/2	1/2	1		3	69	A4	4	489
25	25	197/2	197/2	0.5	5/8	5/8	4/4	1	1	1/8	1/8	1		5	71	B4	4	486
25	25	395/4	395/4	0.25	11/16	11/16	4/4	4	1	1/16	1/16	1		8	56	G#3	3	492
25	25	395/4	395/4	0.25	11/16	11/16	4/4	5	1	1/16	1/16	1		8	56	G#3	3	497
25	25	99	99	0.5	3/4	3/4	4/4	4	1	1/8	1/8	1		3	57	A3	3	493
25	25	99	99	0.5	3/4	3/4	4/4	5	1	1/8	1/8	1		3	57	A3	3	498
25	25	99	99	1.0	3/4	3/4	4/4	1	1	1/4	1/4	1		3	69	A4	4	487
25	25	199/2	199/2	0.5	7/8	7/8	4/4	4	1	1/8	1/8	1		5	59	B3	3	494
25	25	199/2	199/2	0.5	7/8	7/8	4/4	5	1	1/8	1/8	1		5	59	B3	3	499
26	26	100	100	0.5	0	0	4/4	4	1	1/8	1/8	1		7	61	C#4	4	511
26	26	100	100	0.5	0	0	4/4	5	1	1/8	1/8	1		7	61	C#4	4	521
26	26	100	100	2.0	0	0	4/4	2	1	1/2	1/2	1		11	65	E#4	4	509
26	26	100	100	0.5	0	0	4/4	1	1	1/8	1/8	1		8	68	G#4	4	500
26	26	201/2	201/2	0.25	1/8	1/8	4/4	4	1	1/16	1/16	1		5	59	B3	3	512
26	26	201/2	201/2	0.25	1/8	1/8	4/4	5	1	1/16	1/16	1		5	59	B3	3	522
26	26	201/2	201/2	0.5	1/8	1/8	4/4	1	1	1/8	1/8	1		3	69	A4	4	501
26	26	403/4	403/4	0.25	3/16	3/16	4/4	4	1	1/16	1/16	1		3	57	A3	3	513
26	26	403/4	403/4	0.25	3/16	3/16	4/4	5	1	1/16	1/16	1		3	57	A3	3	523
26	26	101	101	0.5	1/4	1/4	4/4	4	1	1/8	1/8	1		8	56	G#3	3	514
26	26	101	101	0.5	1/4	1/4	4/4	5	1	1/8	1/8	1		8	56	G#3	3	524
26	26	101	101	0.5	1/4	1/4	4/4	1	1	1/8	1/8	1		5	71	B4	4	502
26	26	203/2	203/2	0.5	3/8	3/8	4/4	4	1	1/8	1/8	1		3	57	A3	3	515
26	26	203/2	203/2	0.5	3/8	3/8	4/4	5	1	1/8	1/8	1		3	57	A3	3	525
26	26	203/2	203/2	0.25	3/8	3/8	4/4	1	1	1/16	1/16	1		3	69	A4	4	503
26	26	407/4	407/4	0.25	7/16	7/16	4/4	1	1	1/16	1/16	1		8	68	G#4	4	504
26	26	102	102	0.5	1/2	1/2	4/4	4	1	1/8	1/8	1		5	59	B3	3	516
26	26	102	102	0.5	1/2	1/2	4/4	5	1	1/8	1/8	1		5	59	B3	3	526
26	26	102	102	0.5	1/2	1/2	4/4	1	1	1/8	1/8	1		6	66	F#4	4	505
26	26	102	102	2.0	1/2	1/2	4/4	2	1	1/2	1/2	1		2	74	D5	5	510
26	26	205/2	205/2	0.25	5/8	5/8	4/4	4	1	1/16	1/16	1		3	57	A3	3	517
26	26	205/2	205/2	0.25	5/8	5/8	4/4	5	1	1/16	1/16	1		3	57	A3	3	527
26	26	205/2	205/2	0.5	5/8	5/8	4/4	1	1	1/8	1/8	1		8	68	G#4	4	506
26	26	411/4	411/4	0.25	11/16	11/16	4/4	4	1	1/16	1/16	1		8	56	G#3	3	518
26	26	411/4	411/4	0.25	11/16	11/16	4/4	5	1	1/16	1/16	1		8	56	G#3	3	528
26	26	103	103	0.5	3/4	3/4	4/4	4	1	1/8	1/8	1		6	54	F#3	3	519
26	26	103	103	0.5	3/4	3/4	4/4	5	1	1/8	1/8	1		6	54	F#3	3	529
26	26	103	103	0.5	3/4	3/4	4/4	1	1	1/8	1/8	1		3	69	A4	4	507
26	26	207/2	207/2	0.5	7/8	7/8	4/4	4	1	1/8	1/8	1		8	56	G#3	3	520
26	26	207/2	207/2	0.5	7/8	7/8	4/4	5	1	1/8	1/8	1		8	56	G#3	3	530
26	26	207/2	207/2	0.5	7/8	7/8	4/4	1	1	1/8	1/8	1		5	71	B4	4	508
27	27	104	104	1.0	0	0	4/4	4	1	1/4	1/4	1		3	57	A3	3	540
27	27	104	104	1.0	0	0	4/4	5	1	1/4	1/4	1		3	57	A3	3	542
27	27	104	104	0.5	0	0	4/4	1	1	1/8	1/8	1		7	73	C#5	5	531
27	27	104	104	2.0	0	0	4/4	2	1	1/2	1/2	1		7	73	C#5	5	535
27	27	209/2	209/2	0.5	1/8	1/8	4/4	1	1	1/8	1/8	1		2	74	D5	5	532
27	27	105	105	1.0	1/4	1/4	4/4	4	1	1/4	1/4	1		3	45	A2	2	541
27	27	105	105	1.0	1/4	1/4	4/4	3	1	1/4	1/4	1		7	61	C#4	4	537
27	27	105	105	1.0	1/4	1/4	4/4	5	1	1/4	1/4	1		7	73	C#5	5	543
27	27	105	105	2.0	1/4	1/4	4/4	1	1	1/2	1/2	1		4	76	E5	5	533
27	27	106	106	1.5	1/2	1/2	4/4	3	1	3/8	1/4	3/2		2	62	D4	4	538
27	27	106	106	1.5	1/2	1/2	4/4	5	1	3/8	1/4	3/2		2	74	D5	5	544
27	27	107	107	1.0	3/4	3/4	4/4	2	1	1/4	1/4	1	1	5	71	B4	4	536
27	27	107	107	1.0	3/4	3/4	4/4	1	1	1/4	1/4	1		2	74	D5	5	534
27	27	215/2	215/2	0.5	7/8	7/8	4/4	3	1	1/8	1/8	1		2	62	D4	4	539
27	27	215/2	215/2	0.5	7/8	7/8	4/4	5	1	1/8	1/8	1		2	74	D5	5	545
28	28	108	108	1.0	0	0	4/4	3	1	1/4	1/4	1		9	63	D#4	4	553
28	28	108	108	1.0	0	0	4/4	2	1	1/4	1/4	1	-1	5	71	B4	4	549
28	28	108	108	1.0	0	0	4/4	5	1	1/4	1/4	1		9	75	D#5	5	558
28	28	108	108	3.0	0	0	4/4	1	1	3/4	1/2	3/2		6	78	F#5	5	546
28	28	109	109	1.0	1/4	1/4	4/4	3	1	1/4	1/4	1		9	63	D#4	4	554
28	28	109	109	1.0	1/4	1/4	4/4	2	1	1/4	1/4	1		3	69	A4	4	550
28	28	109	109	1.0	1/4	1/4	4/4	5	1	1/4	1/4	1		9	75	D#5	5	559
28	28	110	110	0.5	1/2	1/2	4/4	3	1	1/8	1/8	1		4	64	E4	4	555
28	28	110	110	1.0	1/2	1/2	4/4	2	1	1/4	1/4	1		8	68	G#4	4	551
28	28	110	110	0.5	1/2	1/2	4/4	5	1	1/8	1/8	1		4	76	E5	5	560
28	28	221/2	221/2	0.5	5/8	5/8	4/4	3	1	1/8	1/8	1		5	59	B3	3	556
28	28	221/2	221/2	0.5	5/8	5/8	4/4	5	1	1/8	1/8	1		5	71	B4	4	561
28	28	111	111	1.0	3/4	3/4	4/4	3	1	1/4	1/4	1	1	4	64	E4	4	557
28	28	111	111	1.0	3/4	3/4	4/4	2	1	1/4	1/4	1		1	67	G4	4	552
28	28	111	111	0.5	3/4	3/4	4/4	1	1	1/8	1/8	1		4	76	E5	5	547
28	28	111	111	1.0	3/4	3/4	4/4	5	1	1/4	1/4	1	1	4	76	E5	5	562
28	28	223/2	223/2	0.5	7/8	7/8	4/4	1	1	1/8	1/8	1		2	74	D5	5	548
29	29	112	112	1.0	0	0	4/4	3	1	1/4	1/4	1	-1	4	64	E4	4	568
29	29	112	112	1.0	0	0	4/4	2	1	1/4	1/4	1		10	70	A#4	4	565
29	29	112	112	1.0	0	0	4/4	1	1	1/4	1/4	1		7	73	C#5	5	563
29	29	112	112	1.0	0	0	4/4	5	1	1/4	1/4	1	-1	4	76	E5	5	572
29	29	113	113	1.0	1/4	1/4	4/4	3	1	1/4	1/4	1		2	62	D4	4	569
29	29	113	113	1.0	1/4	1/4	4/4	1	1	1/4	1/4	1		6	66	F#4	4	564
29	29	113	113	2.0	1/4	1/4	4/4	2	1	1/2	1/2	1		5	71	B4	4	566
29	29	113	113	1.0	1/4	1/4	4/4	5	1	1/4	1/4	1		2	74	D5	5	573
29	29	114	114	2.0	1/2	1/2	4/4	3	1	1/2	1/2	1		7	61	C#4	4	570
29	29	114	114	1.0	1/2	1/2	4/4	5	1	1/4	1/4	1		7	73	C#5	5	574
29	29	115	115	1.0	3/4	3/4	4/4	4	1	1/4	1/4	1		6	54	F#3	3	571
29	29	115	115	1.0	3/4	3/4	4/4	5	1	1/4	1/4	1		6	54	F#3	3	575
29	29	115	115	1.0	3/4	3/4	4/4	2	1	1/4	1/4	1		10	70	A#4	4	567
30	30	116	116	1.5	0	0	4/4	4	1	3/8	1/4	3/2		1	55	G3	3	585
30	30	116	116	1.5	0	0	4/4	5	1	3/8	1/4	3/2		1	55	G3	3	589
30	30	116	116	1.0	0	0	4/4	3	1	1/4	1/4	1		5	59	B3	3	580
30	30	116	116	1.0	0	0	4/4	2	1	1/4	1/4	1		5	71	B4	4	578
30	30	117	117	0.5	1/4	1/4	4/4	3	1	1/8	1/8	1		5	59	B3	3	581
30	30	117	117	2.0	1/4	1/4	4/4	1	1	1/2	1/2	1		4	76	E5	5	576
30	30	235/2	235/2	0.5	3/8	3/8	4/4	3	1	1/8	1/8	1		4	52	E3	3	582
30	30	235/2	235/2	0.5	3/8	3/8	4/4	4	1	1/8	1/8	1		1	55	G3	3	586
30	30	235/2	235/2	0.5	3/8	3/8	4/4	5	1	1/8	1/8	1		1	55	G3	3	590
30	30	118	118	1.0	1/2	1/2	4/4	4	1	1/4	1/4	1		8	56	G#3	3	587
30	30	118	118	1.0	1/2	1/2	4/4	5	1	1/4	1/4	1		8	56	G#3	3	591
30	30	118	118	1.0	1/2	1/2	4/4	3	1	1/4	1/4	1		5	59	B3	3	583
30	30	119	119	1.0	3/4	3/4	4/4	4	1	1/4	1/4	1		8	56	G#3	3	588
30	30	119	119	1.0	3/4	3/4	4/4	5	1	1/4	1/4	1		8	56	G#3	3	592
30	30	119	119	1.0	3/4	3/4	4/4	3	1	1/4	1/4	1		4	64	E4	4	584
30	30	119	119	1.0	3/4	3/4	4/4	2	1	1/4	1/4	1	1	5	71	B4	4	579
30	30	119	119	1.0	3/4	3/4	4/4	1	1	1/4	1/4	1		2	74	D5	5	577
31	31	120	120	0.5	0	0	4/4	4	1	1/8	1/8	1	1	3	57	A3	3	603
31	31	120	120	0.5	0	0	4/4	5	1	1/8	1/8	1		3	57	A3	3	607
31	31	120	120	2.0	0	0	4/4	3	1	1/2	1/2	1		4	64	E4	4	602
31	31	120	120	1.0	0	0	4/4	2	1	1/4	1/4	1	-1	5	71	B4	4	597
31	31	120	120	1.0	0	0	4/4	1	1	1/4	1/4	1		7	73	C#5	5	593
31	31	241/2	241/2	0.5	1/8	1/8	4/4	4	1	1/8	1/8	1		4	52	E3	3	604
31	31	241/2	241/2	0.5	1/8	1/8	4/4	5	1	1/8	1/8	1		4	52	E3	3	608
31	31	121	121	2.0	1/4	1/4	4/4	4	1	1/2	1/2	1	-1	3	57	A3	3	605
31	31	121	121	2.0	1/4	1/4	4/4	5	1	1/2	1/2	1		3	57	A3	3	609
31	31	121	121	0.5	1/4	1/4	4/4	2	1	1/8	1/8	1		3	69	A4	4	598
31	31	121	121	1.0	1/4	1/4	4/4	1	1	1/4	1/4	1		0	72	C5	5	594
31	31	243/2	243/2	0.5	3/8	3/8	4/4	2	1	1/8	1/8	1		1	67	G4	4	599
31	31	122	122	1.0	1/2	1/2	4/4	2	1	1/4	1/4	1		6	66	F#4	4	600
31	31	122	122	1.0	1/2	1/2	4/4	1	1	1/4	1/4	1		9	75	D#5	5	595
31	31	123	123	1.0	3/4	3/4	4/4	4	1	1/4	1/4	1		1	55	G3	3	606
31	31	123	123	1.0	3/4	3/4	4/4	5	1	1/4	1/4	1		1	55	G3	3	610
31	31	123	123	1.0	3/4	3/4	4/4	2	1	1/4	1/4	1		5	59	B3	3	601
31	31	123	123	1.0	3/4	3/4	4/4	1	1	1/4	1/4	1	1	4	76	E5	5	596
32	32	124	124	1.0	0	0	4/4	4	1	1/4	1/4	1		6	54	F#3	3	618
32	32	124	124	1.0	0	0	4/4	5	1	1/4	1/4	1		6	54	F#3	3	624
32	32	124	124	1.0	0	0	4/4	1	1	1/4	1/4	1	-1	4	76	E5	5	611
32	32	125	125	1.0	1/4	1/4	4/4	4	1	1/4	1/4	1		5	59	B3	3	619
32	32	125	125	1.0	1/4	1/4	4/4	5	1	1/4	1/4	1		5	59	B3	3	625
32	32	125	125	2.0	1/4	1/4	4/4	3	1	1/2	1/2	1		6	66	F#4	4	616
32	32	125	125	1.0	1/4	1/4	4/4	1	1	1/4	1/4	1		9	75	D#5	5	612
32	32	126	126	0.5	1/2	1/2	4/4	4	1	1/8	1/8	1		4	52	E3	3	620
32	32	126	126	0.5	1/2	1/2	4/4	5	1	1/8	1/8	1		4	52	E3	3	626
32	32	126	126	2.0	1/2	1/2	4/4	2	1	1/2	1/2	1		1	67	G4	4	615
32	32	126	126	1.0	1/2	1/2	4/4	1	1	1/4	1/4	1		4	76	E5	5	613
32	32	253/2	253/2	0.5	5/8	5/8	4/4	4	1	1/8	1/8	1		2	50	D3	3	621
32	32	253/2	253/2	0.5	5/8	5/8	4/4	5	1	1/8	1/8	1		2	50	D3	3	627
32	32	127	127	0.5	3/4	3/4	4/4	4	1	1/8	1/8	1		7	49	C#3	3	622
32	32	127	127	0.5	3/4	3/4	4/4	5	1	1/8	1/8	1		7	49	C#3	3	628
32	32	127	127	1.0	3/4	3/4	4/4	3	1	1/4	1/4	1	1	4	64	E4	4	617
32	32	127	127	1.0	3/4	3/4	4/4	1	1	1/4	1/4	1	1	3	69	A4	4	614
32	32	255/2	255/2	0.5	7/8	7/8	4/4	4	1	1/8	1/8	1		3	45	A2	2	623
32	32	255/2	255/2	0.5	7/8	7/8	4/4	5	1	1/8	1/8	1		3	45	A2	2	629
33	33	128	128	0.5	0	0	4/4	4	1	1/8	1/8	1		2	50	D3	3	640
33	33	128	128	0.5	0	0	4/4	5	1	1/8	1/8	1		2	50	D3	3	648
33	33	128	128	1.0	0	0	4/4	3	1	1/4	1/4	1	-1	4	64	E4	4	637
33	33	128	128	2.0	0	0	4/4	2	1	1/2	1/2	1		-1	65	F4	4	635
33	33	128	128	1.0	0	0	4/4	1	1	1/4	1/4	1	-1	3	69	A4	4	630
33	33	257/2	257/2	0.5	1/8	1/8	4/4	4	1	1/8	1/8	1		0	48	C3	3	641
33	33	257/2	257/2	0.5	1/8	1/8	4/4	5	1	1/8	1/8	1		0	48	C3	3	649
33	33	129	129	0.5	1/4	1/4	4/4	4	1	1/8	1/8	1		5	47	B2	2	642
33	33	129	129	0.5	1/4	1/4	4/4	5	1	1/8	1/8	1		5	47	B2	2	650
33	33	129	129	2.0	1/4	1/4	4/4	3	1	1/2	1/2	1		2	62	D4	4	638
33	33	129	129	0.5	1/4	1/4	4/4	1	1	1/8	1/8	1		5	71	B4	4	631
33	33	259/2	259/2	0.5	3/8	3/8	4/4	4	1	1/8	1/8	1		1	43	G2	2	643
33	33	259/2	259/2	0.5	3/8	3/8	4/4	5	1	1/8	1/8	1		1	43	G2	2	651
33	33	259/2	259/2	0.5	3/8	3/8	4/4	1	1	1/8	1/8	1		3	69	A4	4	632
33	33	130	130	0.5	1/2	1/2	4/4	4	1	1/8	1/8	1		0	48	C3	3	644
33	33	130	130	0.5	1/2	1/2	4/4	5	1	1/8	1/8	1		0	48	C3	3	652
33	33	130	130	2.0	1/2	1/2	4/4	2	1	1/2	1/2	1		4	64	E4	4	636
33	33	130	130	1.0	1/2	1/2	4/4	1	1	1/4	1/4	1		1	67	G4	4	633
33	33	261/2	261/2	0.5	5/8	5/8	4/4	4	1	1/8	1/8	1		5	47	B2	2	645
33	33	261/2	261/2	0.5	5/8	5/8	4/4	5	1	1/8	1/8	1		5	47	B2	2	653
33	33	131	131	0.5	3/4	3/4	4/4	4	1	1/8	1/8	1		3	45	A2	2	646
33	33	131	131	0.5	3/4	3/4	4/4	5	1	1/8	1/8	1		3	45	A2	2	654
33	33	131	131	1.0	3/4	3/4	4/4	3	1	1/4	1/4	1	1	0	60	C4	4	639
33	33	131	131	1.0	3/4	3/4	4/4	1	1	1/4	1/4	1		3	69	A4	4	634
33	33	263/2	263/2	0.5	7/8	7/8	4/4	4	1	1/8	1/8	1		0	48	C3	3	647
33	33	263/2	263/2	0.5	7/8	7/8	4/4	5	1	1/8	1/8	1		0	48	C3	3	655
34	34	132	132	1.0	0	0	4/4	4	1	1/4	1/4	1		2	50	D3	3	667
34	34	132	132	1.0	0	0	4/4	5	1	1/4	1/4	1		2	50	D3	3	671
34	34	132	132	0.5	0	0	4/4	3	1	1/8	1/8	1	-1	0	60	C4	4	661
34	34	132	132	0.5	0	0	4/4	2	1	1/8	1/8	1		6	66	F#4	4	657
34	34	132	132	1.0	0	0	4/4	1	1	1/4	1/4	1		3	69	A4	4	656
34	34	265/2	265/2	0.5	1/8	1/8	4/4	3	1	1/8	1/8	1		0	60	C4	4	662
34	34	265/2	265/2	0.5	1/8	1/8	4/4	2	1	1/8	1/8	1		6	66	F#4	4	658
34	34	133	133	1.0	1/4	1/4	4/4	4	1	1/4	1/4	1		1	55	G3	3	668
34	34	133	133	1.0	1/4	1/4	4/4	5	1	1/4	1/4	1		1	55	G3	3	672
34	34	133	133	0.5	1/4	1/4	4/4	3	1	1/8	1/8	1		5	59	B3	3	663
34	34	133	133	2.0	1/4	1/4	4/4	2	1	1/2	1/2	1		1	67	G4	4	659
34	34	267/2	267/2	0.5	3/8	3/8	4/4	3	1	1/8	1/8	1		5	59	B3	3	664
34	34	134	134	1.0	1/2	1/2	4/4	5	1	1/4	1/4	1		2	50	D3	3	673
34	34	134	134	1.5	1/2	1/2	4/4	4	1	3/8	1/4	3/2		2	50	D3	3	669
34	34	134	134	1.5	1/2	1/2	4/4	3	1	3/8	1/4	3/2		3	57	A3	3	665
34	34	135	135	1.0	3/4	3/4	4/4	5	1	1/4	1/4	1		2	38	D2	2	674
34	34	135	135	1.0	3/4	3/4	4/4	2	1	1/4	1/4	1		6	66	F#4	4	660
34	34	271/2	271/2	0.5	7/8	7/8	4/4	4	1	1/8	1/8	1		2	50	D3	3	670
34	34	271/2	271/2	0.5	7/8	7/8	4/4	3	1	1/8	1/8	1		3	57	A3	3	666
35	35	136	136	1.0	0	0	4/4	4	1	1/4	1/4	1		1	43	G2	2	683
35	35	136	136	1.0	0	0	4/4	5	1	1/4	1/4	1		1	43	G2	2	684
35	35	136	136	1.0	0	0	4/4	3	1	1/4	1/4	1		5	59	B3	3	678
35	35	136	136	1.0	0	0	4/4	2	1	1/4	1/4	1		1	67	G4	4	677
35	35	136	136	2.0	0	0	4/4	1	1	1/2	1/2	1		1	67	G4	4	675
35	35	138	138	0.75	1/2	1/2	4/4	3	1	3/16	1/8	3/2		1	55	G3	3	679
35	35	138	138	0.75	1/2	1/2	4/4	5	1	3/16	1/8	3/2		1	67	G4	4	685
35	35	138	138	2.0	1/2	1/2	4/4	1	1	1/2	1/2	1		5	71	B4	4	676
35	35	555/4	555/4	0.25	11/16	11/16	4/4	3	1	1/16	1/16	1		3	57	A3	3	680
35	35	555/4	555/4	0.25	11/16	11/16	4/4	5	1	1/16	1/16	1		3	69	A4	4	686
35	35	139	139	0.5	3/4	3/4	4/4	3	1	1/8	1/8	1		5	59	B3	3	681
35	35	139	139	0.5	3/4	3/4	4/4	5	1	1/8	1/8	1		5	71	B4	4	687
35	35	279/2	279/2	0.5	7/8	7/8	4/4	3	1	1/8	1/8	1		0	60	C4	4	682
35	35	279/2	279/2	0.5	7/8	7/8	4/4	5	1	1/8	1/8	1		0	72	C5	5	688
36	36	140	140	0.5	0	0	4/4	3	1	1/8	1/8	1		2	62	D4	4	691
36	36	140	140	2.0	0	0	4/4	1	1	1/2	1/2	1		6	66	F#4	4	689
36	36	140	140	0.5	0	0	4/4	5	1	1/8	1/8	1		2	74	D5	5	701
36	36	281/2	281/2	0.25	1/8	1/8	4/4	3	1	1/16	1/16	1		0	60	C4	4	692
36	36	281/2	281/2	0.25	1/8	1/8	4/4	5	1	1/16	1/16	1		0	72	C5	5	702
36	36	563/4	563/4	0.25	3/16	3/16	4/4	3	1	1/16	1/16	1		5	59	B3	3	693
36	36	563/4	563/4	0.25	3/16	3/16	4/4	5	1	1/16	1/16	1		5	71	B4	4	703
36	36	141	141	0.5	1/4	1/4	4/4	3	1	1/8	1/8	1		3	57	A3	3	694
36	36	141	141	0.5	1/4	1/4	4/4	5	1	1/8	1/8	1		3	69	A4	4	704
36	36	283/2	283/2	0.5	3/8	3/8	4/4	3	1	1/8	1/8	1		5	59	B3	3	695
36	36	283/2	283/2	0.5	3/8	3/8	4/4	5	1	1/8	1/8	1		5	71	B4	4	705
36	36	142	142	0.5	1/2	1/2	4/4	3	1	1/8	1/8	1		0	60	C4	4	696
36	36	142	142	0.5	1/2	1/2	4/4	5	1	1/8	1/8	1		0	72	C5	5	706
36	36	142	142	2.0	1/2	1/2	4/4	1	1	1/2	1/2	1		4	76	E5	5	690
36	36	285/2	285/2	0.25	5/8	5/8	4/4	3	1	1/16	1/16	1		5	59	B3	3	697
36	36	285/2	285/2	0.25	5/8	5/8	4/4	5	1	1/16	1/16	1		5	71	B4	4	707
36	36	571/4	571/4	0.25	11/16	11/16	4/4	3	1	1/16	1/16	1		3	57	A3	3	698
36	36	571/4	571/4	0.25	11/16	11/16	4/4	5	1	1/16	1/16	1		3	69	A4	4	708
36	36	143	143	0.5	3/4	3/4	4/4	3	1	1/8	1/8	1		1	55	G3	3	699
36	36	143	143	0.5	3/4	3/4	4/4	5	1	1/8	1/8	1		1	67	G4	4	709
36	36	287/2	287/2	0.5	7/8	7/8	4/4	3	1	1/8	1/8	1		3	57	A3	3	700
36	36	287/2	287/2	0.5	7/8	7/8	4/4	5	1	1/8	1/8	1		3	69	A4	4	710
37	37	144	144	1.0	0	0	4/4	3	1	1/4	1/4	1		5	59	B3	3	714
37	37	144	144	2.0	0	0	4/4	2	1	1/2	1/2	1		2	62	D4	4	712
37	37	144	144	1.0	0	0	4/4	5	1	1/4	1/4	1		5	71	B4	4	723
37	37	144	144	2.0	0	0	4/4	1	1	1/2	1/2	1		2	74	D5	5	711
37	37	145	145	0.5	1/4	1/4	4/4	3	1	1/8	1/8	1		3	57	A3	3	715
37	37	145	145	0.5	1/4	1/4	4/4	5	1	1/8	1/8	1		3	69	A4	4	724
37	37	291/2	291/2	0.5	3/8	3/8	4/4	3	1	1/8	1/8	1		1	55	G3	3	716
37	37	291/2	291/2	0.5	3/8	3/8	4/4	5	1	1/8	1/8	1		1	67	G4	4	725
37	37	146	146	0.75	1/2	1/2	4/4	4	1	3/16	1/8	3/2		2	50	D3	3	719
37	37	146	146	0.75	1/2	1/2	4/4	5	1	3/16	1/8	3/2		2	50	D3	3	726
37	37	146	146	1.0	1/2	1/2	4/4	3	1	1/4	1/4	1		6	54	F#3	3	717
37	37	146	146	2.0	1/2	1/2	4/4	2	1	1/2	1/2	1		6	66	F#4	4	713
37	37	587/4	587/4	0.25	11/16	11/16	4/4	4	1	1/16	1/16	1		4	52	E3	3	720
37	37	587/4	587/4	0.25	11/16	11/16	4/4	5	1	1/16	1/16	1		4	52	E3	3	727
37	37	147	147	1.0	3/4	3/4	4/4	3	1	1/4	1/4	1		2	50	D3	3	718
37	37	147	147	0.5	3/4	3/4	4/4	4	1	1/8	1/8	1		6	54	F#3	3	721
37	37	147	147	0.5	3/4	3/4	4/4	5	1	1/8	1/8	1		6	54	F#3	3	728
37	37	295/2	295/2	0.5	7/8	7/8	4/4	4	1	1/8	1/8	1		1	55	G3	3	722
37	37	295/2	295/2	0.5	7/8	7/8	4/4	5	1	1/8	1/8	1		1	55	G3	3	729
38	38	148	148	0.5	0	0	4/4	4	1	1/8	1/8	1		3	57	A3	3	740
38	38	148	148	0.5	0	0	4/4	5	1	1/8	1/8	1		3	57	A3	3	750
38	38	148	148	2.0	0	0	4/4	2	1	1/2	1/2	1		7	61	C#4	4	730
38	38	297/2	297/2	0.25	1/8	1/8	4/4	4	1	1/16	1/16	1		1	55	G3	3	741
38	38	297/2	297/2	0.25	1/8	1/8	4/4	5	1	1/16	1/16	1		1	55	G3	3	751
38	38	297/2	297/2	0.5	1/8	1/8	4/4	3	1	1/8	1/8	1		4	64	E4	4	732
38	38	595/4	595/4	0.25	3/16	3/16	4/4	4	1	1/16	1/16	1		6	54	F#3	3	742
38	38	595/4	595/4	0.25	3/16	3/16	4/4	5	1	1/16	1/16	1		6	54	F#3	3	752
38	38	149	149	0.5	1/4	1/4	4/4	4	1	1/8	1/8	1		4	52	E3	3	743
38	38	149	149	0.5	1/4	1/4	4/4	5	1	1/8	1/8	1		4	52	E3	3	753
38	38	149	149	0.5	1/4	1/4	4/4	3	1	1/8	1/8	1		1	67	G4	4	733
38	38	299/2	299/2	0.5	3/8	3/8	4/4	4	1	1/8	1/8	1		6	54	F#3	3	744
38	38	299/2	299/2	0.5	3/8	3/8	4/4	5	1	1/8	1/8	1		6	54	F#3	3	754
38	38	299/2	299/2	0.25	3/8	3/8	4/4	3	1	1/16	1/16	1		6	66	F#4	4	734
38	38	599/4	599/4	0.25	7/16	7/16	4/4	3	1	1/16	1/16	1		4	64	E4	4	735
38	38	150	150	0.5	1/2	1/2	4/4	4	1	1/8	1/8	1		1	55	G3	3	745
38	38	150	150	0.5	1/2	1/2	4/4	5	1	1/8	1/8	1		1	55	G3	3	755
38	38	150	150	0.5	1/2	1/2	4/4	3	1	1/8	1/8	1		2	62	D4	4	736
38	38	150	150	2.0	1/2	1/2	4/4	2	1	1/2	1/2	1		5	71	B4	4	731
38	38	301/2	301/2	0.25	5/8	5/8	4/4	4	1	1/16	1/16	1		6	54	F#3	3	746
38	38	301/2	301/2	0.25	5/8	5/8	4/4	5	1	1/16	1/16	1		6	54	F#3	3	756
38	38	301/2	301/2	0.5	5/8	5/8	4/4	3	1	1/8	1/8	1		4	64	E4	4	737
38	38	603/4	603/4	0.25	11/16	11/16	4/4	4	1	1/16	1/16	1		4	52	E3	3	747
38	38	603/4	603/4	0.25	11/16	11/16	4/4	5	1	1/16	1/16	1		4	52	E3	3	757
38	38	151	151	0.5	3/4	3/4	4/4	4	1	1/8	1/8	1		2	50	D3	3	748
38	38	151	151	0.5	3/4	3/4	4/4	5	1	1/8	1/8	1		2	50	D3	3	758
38	38	151	151	0.5	3/4	3/4	4/4	3	1	1/8	1/8	1		6	66	F#4	4	738
38	38	303/2	303/2	0.5	7/8	7/8	4/4	4	1	1/8	1/8	1		4	52	E3	3	749
38	38	303/2	303/2	0.5	7/8	7/8	4/4	5	1	1/8	1/8	1		4	52	E3	3	759
38	38	303/2	303/2	0.5	7/8	7/8	4/4	3	1	1/8	1/8	1		1	67	G4	4	739
39	39	152	152	0.5	0	0	4/4	4	1	1/8	1/8	1		6	54	F#3	3	771
39	39	152	152	0.5	0	0	4/4	5	1	1/8	1/8	1		6	54	F#3	3	780
39	39	152	152	0.5	0	0	4/4	3	1	1/8	1/8	1		3	69	A4	4	766
39	39	152	152	3.0	0	0	4/4	2	1	3/4	1/2	3/2		3	69	A4	4	764
39	39	305/2	305/2	0.25	1/8	1/8	4/4	4	1	1/16	1/16	1		4	52	E3	3	772
39	39	305/2	305/2	0.25	1/8	1/8	4/4	5	1	1/16	1/16	1		4	52	E3	3	781
39	39	305/2	305/2	0.25	1/8	1/8	4/4	3	1	1/16	1/16	1		1	67	G4	4	767
39	39	611/4	611/4	0.25	3/16	3/16	4/4	4	1	1/16	1/16	1		2	50	D3	3	773
39	39	611/4	611/4	0.25	3/16	3/16	4/4	5	1	1/16	1/16	1		2	50	D3	3	782
39	39	611/4	611/4	0.25	3/16	3/16	4/4	3	1	1/16	1/16	1		6	66	F#4	4	768
39	39	153	153	0.5	1/4	1/4	4/4	4	1	1/8	1/8	1		4	52	E3	3	774
39	39	153	153	0.5	1/4	1/4	4/4	5	1	1/8	1/8	1		4	52	E3	3	783
39	39	153	153	1.0	1/4	1/4	4/4	3	1	1/4	1/4	1		1	67	G4	4	769
39	39	307/2	307/2	0.5	3/8	3/8	4/4	4	1	1/8	1/8	1		6	54	F#3	3	775
39	39	307/2	307/2	0.5	3/8	3/8	4/4	5	1	1/8	1/8	1		6	54	F#3	3	784
39	39	154	154	0.5	1/2	1/2	4/4	4	1	1/8	1/8	1		1	55	G3	3	776
39	39	154	154	0.5	1/2	1/2	4/4	5	1	1/8	1/8	1		1	55	G3	3	785
39	39	154	154	1.0	1/2	1/2	4/4	3	1	1/4	1/4	1		2	62	D4	4	770
39	39	154	154	0.75	1/2	1/2	4/4	1	1	3/16	1/8	3/2		1	67	G4	4	760
39	39	309/2	309/2	0.5	5/8	5/8	4/4	4	1	1/8	1/8	1		1	43	G2	2	777
39	39	309/2	309/2	0.5	5/8	5/8	4/4	5	1	1/8	1/8	1		1	43	G2	2	786
39	39	619/4	619/4	0.25	11/16	11/16	4/4	1	1	1/16	1/16	1		3	69	A4	4	761
39	39	155	155	0.75	3/4	3/4	4/4	4	1	3/16	1/8	3/2		1	55	G3	3	778
39	39	155	155	0.75	3/4	3/4	4/4	5	1	3/16	1/8	3/2		1	55	G3	3	787
39	39	155	155	1.0	3/4	3/4	4/4	2	1	1/4	1/4	1	1	1	67	G4	4	765
39	39	155	155	0.5	3/4	3/4	4/4	1	1	1/8	1/8	1		5	71	B4	4	762
39	39	311/2	311/2	0.5	7/8	7/8	4/4	1	1	1/8	1/8	1		0	72	C5	5	763
39	39	623/4	623/4	0.25	15/16	15/16	4/4	4	1	1/16	1/16	1		3	57	A3	3	779
39	39	623/4	623/4	0.25	15/16	15/16	4/4	5	1	1/16	1/16	1		3	57	A3	3	788
40	40	156	156	0.5	0	0	4/4	4	1	1/8	1/8	1		5	59	B3	3	817
40	40	156	156	0.5	0	0	4/4	5	1	1/8	1/8	1		5	59	B3	3	827
40	40	156	156	0.5	0	0	4/4	2	1	1/8	1/8	1	-1	1	67	G4	4	799
40	40	156	156	0.5	0	0	4/4	1	1	1/8	1/8	1		2	74	D5	5	789
40	40	313/2	313/2	0.5	1/8	1/8	4/4	4	1	1/8	1/8	1		0	60	C4	4	818
40	40	313/2	313/2	0.5	1/8	1/8	4/4	5	1	1/8	1/8	1		0	60	C4	4	828
40	40	313/2	313/2	0.5	1/8	1/8	4/4	3	1	1/8	1/8	1		4	64	E4	4	808
40	40	313/2	313/2	0.5	1/8	1/8	4/4	2	1	1/8	1/8	1		1	67	G4	4	800
40	40	313/2	313/2	0.25	1/8	1/8	4/4	1	1	1/16	1/16	1		0	72	C5	5	790
40	40	627/4	627/4	0.25	3/16	3/16	4/4	1	1	1/16	1/16	1		5	71	B4	4	791
40	40	157	157	0.5	1/4	1/4	4/4	4	1	1/8	1/8	1		2	62	D4	4	819
40	40	157	157	0.5	1/4	1/4	4/4	5	1	1/8	1/8	1		2	62	D4	4	829
40	40	157	157	0.5	1/4	1/4	4/4	2	1	1/8	1/8	1		6	66	F#4	4	801
40	40	157	157	0.5	1/4	1/4	4/4	3	1	1/8	1/8	1		6	66	F#4	4	809
40	40	157	157	0.5	1/4	1/4	4/4	1	1	1/8	1/8	1		3	69	A4	4	792
40	40	315/2	315/2	0.25	3/8	3/8	4/4	4	1	1/16	1/16	1		0	60	C4	4	820
40	40	315/2	315/2	0.25	3/8	3/8	4/4	5	1	1/16	1/16	1		0	60	C4	4	830
40	40	315/2	315/2	0.25	3/8	3/8	4/4	3	1	1/16	1/16	1		4	64	E4	4	810
40	40	315/2	315/2	0.5	3/8	3/8	4/4	2	1	1/8	1/8	1		1	67	G4	4	802
40	40	315/2	315/2	0.5	3/8	3/8	4/4	1	1	1/8	1/8	1		5	71	B4	4	793
40	40	631/4	631/4	0.25	7/16	7/16	4/4	4	1	1/16	1/16	1		5	59	B3	3	821
40	40	631/4	631/4	0.25	7/16	7/16	4/4	5	1	1/16	1/16	1		5	59	B3	3	831
40	40	631/4	631/4	0.25	7/16	7/16	4/4	3	1	1/16	1/16	1		2	62	D4	4	811
40	40	158	158	0.5	1/2	1/2	4/4	4	1	1/8	1/8	1		3	57	A3	3	822
40	40	158	158	0.5	1/2	1/2	4/4	5	1	1/8	1/8	1		3	57	A3	3	832
40	40	158	158	0.5	1/2	1/2	4/4	3	1	1/8	1/8	1		0	60	C4	4	812
40	40	158	158	0.5	1/2	1/2	4/4	2	1	1/8	1/8	1		3	69	A4	4	803
40	40	158	158	0.5	1/2	1/2	4/4	1	1	1/8	1/8	1		0	72	C5	5	794
40	40	317/2	317/2	0.5	5/8	5/8	4/4	4	1	1/8	1/8	1		5	59	B3	3	823
40	40	317/2	317/2	0.5	5/8	5/8	4/4	5	1	1/8	1/8	1		5	59	B3	3	833
40	40	317/2	317/2	0.5	5/8	5/8	4/4	3	1	1/8	1/8	1		2	62	D4	4	813
40	40	317/2	317/2	0.25	5/8	5/8	4/4	2	1	1/16	1/16	1		1	67	G4	4	804
40	40	317/2	317/2	0.25	5/8	5/8	4/4	1	1	1/16	1/16	1		5	71	B4	4	795
40	40	635/4	635/4	0.25	11/16	11/16	4/4	2	1	1/16	1/16	1		6	66	F#4	4	805
40	40	635/4	635/4	0.25	11/16	11/16	4/4	1	1	1/16	1/16	1		3	69	A4	4	796
40	40	159	159	0.5	3/4	3/4	4/4	4	1	1/8	1/8	1		0	60	C4	4	824
40	40	159	159	0.5	3/4	3/4	4/4	5	1	1/8	1/8	1		0	60	C4	4	834
40	40	159	159	0.5	3/4	3/4	4/4	2	1	1/8	1/8	1		4	64	E4	4	806
40	40	159	159	0.5	3/4	3/4	4/4	3	1	1/8	1/8	1		4	64	E4	4	814
40	40	159	159	0.5	3/4	3/4	4/4	1	1	1/8	1/8	1		1	67	G4	4	797
40	40	319/2	319/2	0.25	7/8	7/8	4/4	4	1	1/16	1/16	1		5	59	B3	3	825
40	40	319/2	319/2	0.25	7/8	7/8	4/4	5	1	1/16	1/16	1		5	59	B3	3	835
40	40	319/2	319/2	0.25	7/8	7/8	4/4	3	1	1/16	1/16	1		2	62	D4	4	815
40	40	319/2	319/2	0.5	7/8	7/8	4/4	2	1	1/8	1/8	1		6	66	F#4	4	807
40	40	319/2	319/2	0.5	7/8	7/8	4/4	1	1	1/8	1/8	1		3	69	A4	4	798
40	40	639/4	639/4	0.25	15/16	15/16	4/4	4	1	1/16	1/16	1		3	57	A3	3	826
40	40	639/4	639/4	0.25	15/16	15/16	4/4	5	1	1/16	1/16	1		3	57	A3	3	836
40	40	639/4	639/4	0.25	15/16	15/16	4/4	3	1	1/16	1/16	1		0	60	C4	4	816
41	41	160	160	0.5	0	0	4/4	4	1	1/8	1/8	1		1	55	G3	3	860
41	41	160	160	0.5	0	0	4/4	5	1	1/8	1/8	1		1	55	G3	3	866
41	41	160	160	0.5	0	0	4/4	3	1	1/8	1/8	1		5	59	B3	3	855
41	41	160	160	0.5	0	0	4/4	2	1	1/8	1/8	1		1	67	G4	4	845
41	41	160	160	0.5	0	0	4/4	1	1	1/8	1/8	1		5	71	B4	4	837
41	41	321/2	321/2	0.5	1/8	1/8	4/4	4	1	1/8	1/8	1		3	57	A3	3	861
41	41	321/2	321/2	0.5	1/8	1/8	4/4	5	1	1/8	1/8	1		3	57	A3	3	867
41	41	321/2	321/2	0.5	1/8	1/8	4/4	3	1	1/8	1/8	1		7	61	C#4	4	856
41	41	321/2	321/2	0.25	1/8	1/8	4/4	2	1	1/16	1/16	1		6	66	F#4	4	846
41	41	321/2	321/2	0.25	1/8	1/8	4/4	1	1	1/16	1/16	1		3	69	A4	4	838
41	41	643/4	643/4	0.25	3/16	3/16	4/4	2	1	1/16	1/16	1		4	64	E4	4	847
41	41	643/4	643/4	0.25	3/16	3/16	4/4	1	1	1/16	1/16	1		1	67	G4	4	839
41	41	161	161	0.5	1/4	1/4	4/4	4	1	1/8	1/8	1		5	59	B3	3	862
41	41	161	161	0.5	1/4	1/4	4/4	5	1	1/8	1/8	1		5	59	B3	3	868
41	41	161	161	0.5	1/4	1/4	4/4	2	1	1/8	1/8	1		9	63	D#4	4	848
41	41	161	161	0.5	1/4	1/4	4/4	3	1	1/8	1/8	1		9	63	D#4	4	857
41	41	161	161	0.5	1/4	1/4	4/4	1	1	1/8	1/8	1		6	66	F#4	4	840
41	41	323/2	323/2	0.5	3/8	3/8	4/4	4	1	1/8	1/8	1		3	57	A3	3	863
41	41	323/2	323/2	0.5	3/8	3/8	4/4	5	1	1/8	1/8	1		3	57	A3	3	869
41	41	323/2	323/2	0.5	3/8	3/8	4/4	3	1	1/8	1/8	1		7	61	C#4	4	858
41	41	323/2	323/2	0.5	3/8	3/8	4/4	2	1	1/8	1/8	1		6	66	F#4	4	849
41	41	323/2	323/2	0.5	3/8	3/8	4/4	1	1	1/8	1/8	1		5	71	B4	4	841
41	41	162	162	0.5	1/2	1/2	4/4	4	1	1/8	1/8	1		1	55	G3	3	864
41	41	162	162	0.5	1/2	1/2	4/4	5	1	1/8	1/8	1		1	55	G3	3	870
41	41	162	162	1.0	1/2	1/2	4/4	3	1	1/4	1/4	1		5	59	B3	3	859
41	41	162	162	0.5	1/2	1/2	4/4	1	1	1/8	1/8	1		4	64	E4	4	842
41	41	162	162	0.5	1/2	1/2	4/4	2	1	1/8	1/8	1		5	71	B4	4	850
41	41	325/2	325/2	0.5	5/8	5/8	4/4	4	1	1/8	1/8	1		4	52	E3	3	865
41	41	325/2	325/2	0.5	5/8	5/8	4/4	5	1	1/8	1/8	1		4	52	E3	3	871
41	41	325/2	325/2	0.5	5/8	5/8	4/4	2	1	1/8	1/8	1		3	69	A4	4	851
41	41	325/2	325/2	0.5	5/8	5/8	4/4	1	1	1/8	1/8	1		5	71	B4	4	843
41	41	163	163	0.5	3/4	3/4	4/4	2	1	1/8	1/8	1		1	67	G4	4	852
41	41	163	163	0.5	3/4	3/4	4/4	5	1	1/8	1/8	1		1	67	G4	4	872
41	41	163	163	1.0	3/4	3/4	4/4	1	1	1/4	1/4	1	1	4	76	E5	5	844
41	41	163	163	1.0	3/4	3/4	4/4	5	2	1/4	1/4	1	1	4	76	E5	5	875
41	41	327/2	327/2	0.25	7/8	7/8	4/4	2	1	1/16	1/16	1		6	66	F#4	4	853
41	41	327/2	327/2	0.25	7/8	7/8	4/4	5	1	1/16	1/16	1		6	66	F#4	4	873
41	41	655/4	655/4	0.25	15/16	15/16	4/4	2	1	1/16	1/16	1		4	64	E4	4	854
41	41	655/4	655/4	0.25	15/16	15/16	4/4	5	1	1/16	1/16	1		4	64	E4	4	874
42	42	164	164	1.0	0	0	4/4	5	2	1/4	1/4	1		6	66	F#4	4	885
42	42	164	164	2.0	0	0	4/4	2	1	1/2	1/2	1		6	66	F#4	4	878
42	42	164	164	1.0	0	0	4/4	1	1	1/4	1/4	1	-1	4	76	E5	5	876
42	42	164	164	1.0	0	0	4/4	5	1	1/4	1/4	1	-1	4	76	E5	5	884
42	42	165	165	1.0	1/4	1/4	4/4	4	1	1/4	1/4	1		5	59	B3	3	881
42	42	165	165	1.0	1/4	1/4	4/4	5	2	1/4	1/4	1		5	59	B3	3	886
42	42	165	165	1.0	1/4	1/4	4/4	1	1	1/4	1/4	1		9	75	D#5	5	877
42	42	166	166	1.5	1/2	1/2	4/4	4	1	3/8	1/4	3/2		0	60	C4	4	882
42	42	166	166	1.5	1/2	1/2	4/4	5	2	3/8	1/4	3/2		0	60	C4	4	887
42	42	166	166	1.0	1/2	1/2	4/4	2	1	1/4	1/4	1		4	64	E4	4	879
42	42	167	167	1.0	3/4	3/4	4/4	2	1	1/4	1/4	1	1	3	69	A4	4	880
42	42	335/2	335/2	0.5	7/8	7/8	4/4	4	1	1/8	1/8	1		0	60	C4	4	883
42	42	335/2	335/2	0.5	7/8	7/8	4/4	5	2	1/8	1/8	1		0	60	C4	4	888
43	43	168	168	1.0	0	0	4/4	4	1	1/4	1/4	1		7	61	C#4	4	896
43	43	168	168	1.0	0	0	4/4	5	1	1/4	1/4	1		7	61	C#4	4	901
43	43	168	168	1.0	0	0	4/4	2	1	1/4	1/4	1	-1	3	69	A4	4	892
43	43	169	169	1.0	1/4	1/4	4/4	4	1	1/4	1/4	1		7	61	C#4	4	897
43	43	169	169	1.0	1/4	1/4	4/4	5	1	1/4	1/4	1		7	61	C#4	4	902
43	43	169	169	1.0	1/4	1/4	4/4	2	1	1/4	1/4	1		1	67	G4	4	893
43	43	169	169	2.0	1/4	1/4	4/4	1	1	1/2	1/2	1		4	76	E5	5	889
43	43	170	170	0.5	1/2	1/2	4/4	4	1	1/8	1/8	1		2	62	D4	4	898
43	43	170	170	0.5	1/2	1/2	4/4	5	1	1/8	1/8	1		2	62	D4	4	903
43	43	170	170	1.0	1/2	1/2	4/4	2	1	1/4	1/4	1		6	66	F#4	4	894
43	43	341/2	341/2	0.5	5/8	5/8	4/4	4	1	1/8	1/8	1		3	57	A3	3	899
43	43	341/2	341/2	0.5	5/8	5/8	4/4	5	1	1/8	1/8	1		3	57	A3	3	904
43	43	171	171	1.0	3/4	3/4	4/4	4	1	1/4	1/4	1	1	2	62	D4	4	900
43	43	171	171	1.0	3/4	3/4	4/4	5	1	1/4	1/4	1	1	2	62	D4	4	905
43	43	171	171	1.0	3/4	3/4	4/4	2	1	1/4	1/4	1		-1	65	F4	4	895
43	43	171	171	0.5	3/4	3/4	4/4	1	1	1/8	1/8	1		2	74	D5	5	890
43	43	343/2	343/2	0.5	7/8	7/8	4/4	1	1	1/8	1/8	1		0	72	C5	5	891
44	44	172	172	1.0	0	0	4/4	4	1	1/4	1/4	1	-1	2	62	D4	4	913
44	44	172	172	1.0	0	0	4/4	5	1	1/4	1/4	1	-1	2	62	D4	4	917
44	44	172	172	1.0	0	0	4/4	2	1	1/4	1/4	1		8	68	G#4	4	909
44	44	172	172	1.0	0	0	4/4	1	1	1/4	1/4	1		5	71	B4	4	906
44	44	173	173	1.0	1/4	1/4	4/4	4	1	1/4	1/4	1		0	60	C4	4	914
44	44	173	173	1.0	1/4	1/4	4/4	5	1	1/4	1/4	1		0	60	C4	4	918
44	44	173	173	1.0	1/4	1/4	4/4	1	1	1/4	1/4	1		4	64	E4	4	907
44	44	173	173	2.0	1/4	1/4	4/4	2	1	1/2	1/2	1		3	69	A4	4	910
44	44	174	174	1.0	1/2	1/2	4/4	4	1	1/4	1/4	1		5	59	B3	3	915
44	44	174	174	1.0	1/2	1/2	4/4	5	1	1/4	1/4	1		5	59	B3	3	919
44	44	174	174	2.0	1/2	1/2	4/4	3	1	1/2	1/2	1	1	5	59	B3	3	912
44	44	175	175	1.0	3/4	3/4	4/4	4	1	1/4	1/4	1		4	52	E3	3	916
44	44	175	175	1.0	3/4	3/4	4/4	5	1	1/4	1/4	1		4	52	E3	3	920
44	44	175	175	1.0	3/4	3/4	4/4	2	1	1/4	1/4	1		8	68	G#4	4	911
44	44	175	175	1.0	3/4	3/4	4/4	1	1	1/4	1/4	1		5	71	B4	4	908
45	45	176	176	1.0	0	0	4/4	4	1	1/4	1/4	1		3	45	A2	2	930
45	45	176	176	1.0	0	0	4/4	5	1	1/4	1/4	1		3	45	A2	2	933
45	45	176	176	1.0	0	0	4/4	3	1	1/4	1/4	1	-1	5	59	B3	3	927
45	45	176	176	2.0	0	0	4/4	2	1	1/2	1/2	1		3	69	A4	4	925
45	45	176	176	1.5	0	0	4/4	1	1	3/8	1/4	3/2		0	72	C5	5	921
45	45	177	177	1.0	1/4	1/4	4/4	3	1	1/4	1/4	1		3	57	A3	3	928
45	45	177	177	2.0	1/4	1/4	4/4	4	1	1/2	1/2	1		3	57	A3	3	931
45	45	177	177	2.0	1/4	1/4	4/4	5	1	1/2	1/2	1		3	57	A3	3	934
45	45	355/2	355/2	0.5	3/8	3/8	4/4	1	1	1/8	1/8	1		0	72	C5	5	922
45	45	178	178	2.0	1/2	1/2	4/4	3	1	1/2	1/2	1		4	64	E4	4	929
45	45	178	178	1.0	1/2	1/2	4/4	1	1	1/4	1/4	1		7	73	C#5	5	923
45	45	179	179	1.0	3/4	3/4	4/4	4	1	1/4	1/4	1		1	55	G3	3	932
45	45	179	179	1.0	3/4	3/4	4/4	5	1	1/4	1/4	1		1	55	G3	3	935
45	45	179	179	1.0	3/4	3/4	4/4	2	1	1/4	1/4	1	1	3	69	A4	4	926
45	45	179	179	1.0	3/4	3/4	4/4	1	1	1/4	1/4	1		7	73	C#5	5	924
46	46	180	180	1.0	0	0	4/4	4	1	1/4	1/4	1		6	54	F#3	3	948
46	46	180	180	1.0	0	0	4/4	5	1	1/4	1/4	1		6	54	F#3	3	952
46	46	180	180	1.5	0	0	4/4	3	1	3/8	1/4	3/2		2	62	D4	4	944
46	46	180	180	1.0	0	0	4/4	2	1	1/4	1/4	1	-1	3	69	A4	4	940
46	46	180	180	0.5	0	0	4/4	1	1	1/8	1/8	1		2	74	D5	5	936
46	46	361/2	361/2	0.5	1/8	1/8	4/4	1	1	1/8	1/8	1		3	69	A4	4	937
46	46	181	181	1.0	1/4	1/4	4/4	4	1	1/4	1/4	1		-1	53	F3	3	949
46	46	181	181	1.0	1/4	1/4	4/4	5	1	1/4	1/4	1		-1	53	F3	3	953
46	46	181	181	1.0	1/4	1/4	4/4	2	1	1/4	1/4	1		3	57	A3	3	941
46	46	181	181	2.0	1/4	1/4	4/4	1	1	1/2	1/2	1		2	74	D5	5	938
46	46	363/2	363/2	0.5	3/8	3/8	4/4	3	1	1/8	1/8	1		0	60	C4	4	945
46	46	182	182	1.0	1/2	1/2	4/4	4	1	1/4	1/4	1		8	56	G#3	3	950
46	46	182	182	1.0	1/2	1/2	4/4	5	1	1/4	1/4	1		8	56	G#3	3	954
46	46	182	182	1.0	1/2	1/2	4/4	3	1	1/4	1/4	1		5	59	B3	3	946
46	46	182	182	1.5	1/2	1/2	4/4	2	1	3/8	1/4	3/2		4	64	E4	4	942
46	46	183	183	1.0	3/4	3/4	4/4	3	1	1/4	1/4	1	1	3	57	A3	3	947
46	46	183	183	1.0	3/4	3/4	4/4	4	1	1/4	1/4	1		3	57	A3	3	951
46	46	183	183	1.0	3/4	3/4	4/4	5	1	1/4	1/4	1		3	57	A3	3	955
46	46	183	183	1.0	3/4	3/4	4/4	1	1	1/4	1/4	1		0	72	C5	5	939
46	46	367/2	367/2	0.5	7/8	7/8	4/4	2	1	1/8	1/8	1		4	64	E4	4	943
47	47	184	184	2.0	0	0	4/4	4	1	1/2	1/2	1		4	52	E3	3	967
47	47	184	184	2.0	0	0	4/4	5	1	1/2	1/2	1		4	52	E3	3	969
47	47	184	184	1.0	0	0	4/4	3	1	1/4	1/4	1	-1	3	57	A3	3	963
47	47	184	184	1.0	0	0	4/4	2	1	1/4	1/4	1		4	64	E4	4	959
47	47	184	184	1.0	0	0	4/4	1	1	1/4	1/4	1		5	71	B4	4	956
47	47	185	185	1.0	1/4	1/4	4/4	3	1	1/4	1/4	1		8	56	G#3	3	964
47	47	185	185	1.0	1/4	1/4	4/4	2	1	1/4	1/4	1		5	71	B4	4	960
47	47	185	185	2.0	1/4	1/4	4/4	1	1	1/2	1/2	1		4	76	E5	5	957
47	47	186	186	1.0	1/2	1/2	4/4	3	1	1/4	1/4	1		6	54	F#3	3	965
47	47	186	186	1.0	1/2	1/2	4/4	2	1	1/4	1/4	1		10	70	A#4	4	961
47	47	187	187	1.0	3/4	3/4	4/4	3	1	1/4	1/4	1		5	59	B3	3	966
47	47	187	187	1.0	3/4	3/4	4/4	4	1	1/4	1/4	1	1	5	59	B3	3	968
47	47	187	187	1.0	3/4	3/4	4/4	5	1	1/4	1/4	1	1	5	59	B3	3	970
47	47	187	187	1.0	3/4	3/4	4/4	2	1	1/4	1/4	1		6	66	F#4	4	962
47	47	187	187	1.0	3/4	3/4	4/4	1	1	1/4	1/4	1		2	74	D5	5	958
48	48	188	188	1.0	0	0	4/4	4	1	1/4	1/4	1	-1	5	59	B3	3	986
48	48	188	188	1.0	0	0	4/4	5	1	1/4	1/4	1	-1	5	59	B3	3	990
48	48	188	188	0.5	0	0	4/4	3	1	1/8	1/8	1		4	64	E4	4	980
48	48	188	188	1.0	0	0	4/4	2	1	1/4	1/4	1		1	67	G4	4	974
48	48	188	188	1.0	0	0	4/4	1	1	1/4	1/4	1		7	73	C#5	5	971
48	48	377/2	377/2	0.5	1/8	1/8	4/4	3	1	1/8	1/8	1		2	62	D4	4	981
48	48	189	189	1.0	1/4	1/4	4/4	4	1	1/4	1/4	1		3	57	A3	3	987
48	48	189	189	1.0	1/4	1/4	4/4	5	1	1/4	1/4	1		3	57	A3	3	991
48	48	189	189	1.0	1/4	1/4	4/4	3	1	1/4	1/4	1		7	61	C#4	4	982
48	48	189	189	1.0	1/4	1/4	4/4	2	1	1/4	1/4	1		3	69	A4	4	975
48	48	189	189	2.0	1/4	1/4	4/4	1	1	1/2	1/2	1		6	78	F#5	5	972
48	48	190	190	1.0	1/2	1/2	4/4	4	1	1/4	1/4	1		1	55	G3	3	988
48	48	190	190	1.0	1/2	1/2	4/4	5	1	1/4	1/4	1		1	55	G3	3	992
48	48	190	190	1.0	1/2	1/2	4/4	3	1	1/4	1/4	1		5	59	B3	3	983
48	48	190	190	0.5	1/2	1/2	4/4	2	1	1/8	1/8	1		5	71	B4	4	976
48	48	381/2	381/2	0.5	5/8	5/8	4/4	2	1	1/8	1/8	1		3	69	A4	4	977
48	48	191	191	0.5	3/4	3/4	4/4	3	1	1/8	1/8	1		0	60	C4	4	984
48	48	191	191	1.0	3/4	3/4	4/4	4	1	1/4	1/4	1	1	0	60	C4	4	989
48	48	191	191	1.0	3/4	3/4	4/4	5	1	1/4	1/4	1	1	0	60	C4	4	993
48	48	191	191	0.5	3/4	3/4	4/4	2	1	1/8	1/8	1		1	67	G4	4	978
48	48	191	191	1.0	3/4	3/4	4/4	1	1	1/4	1/4	1		4	76	E5	5	973
48	48	383/2	383/2	0.5	7/8	7/8	4/4	3	1	1/8	1/8	1		5	59	B3	3	985
48	48	383/2	383/2	0.5	7/8	7/8	4/4	2	1	1/8	1/8	1		4	64	E4	4	979
49	49	192	192	0.5	0	0	4/4	3	1	1/8	1/8	1		3	57	A3	3	1009
49	49	192	192	1.0	0	0	4/4	4	1	1/4	1/4	1	-1	0	60	C4	4	1015
49	49	192	192	1.0	0	0	4/4	5	1	1/4	1/4	1	-1	0	60	C4	4	1019
49	49	192	192	0.5	0	0	4/4	2	1	1/8	1/8	1		6	66	F#4	4	1001
49	49	192	192	0.5	0	0	4/4	1	1	1/8	1/8	1		9	75	D#5	5	994
49	49	385/2	385/2	0.5	1/8	1/8	4/4	3	1	1/8	1/8	1		0	60	C4	4	1010
49	49	385/2	385/2	0.5	1/8	1/8	4/4	2	1	1/8	1/8	1		3	69	A4	4	1002
49	49	385/2	385/2	0.5	1/8	1/8	4/4	1	1	1/8	1/8	1		6	78	F#5	5	995
49	49	193	193	1.0	1/4	1/4	4/4	4	1	1/4	1/4	1		5	59	B3	3	1016
49	49	193	193	1.0	1/4	1/4	4/4	5	1	1/4	1/4	1		5	59	B3	3	1020
49	49	193	193	1.0	1/4	1/4	4/4	3	1	1/4	1/4	1	1	4	64	E4	4	1011
49	49	193	193	0.5	1/4	1/4	4/4	2	1	1/8	1/8	1		1	67	G4	4	1003
49	49	193	193	1.0	1/4	1/4	4/4	1	1	1/4	1/4	1		1	79	G5	5	996
49	49	387/2	387/2	0.25	3/8	3/8	4/4	2	1	1/16	1/16	1		6	66	F#4	4	1004
49	49	775/4	775/4	0.25	7/16	7/16	4/4	2	1	1/16	1/16	1		1	67	G4	4	1005
49	49	194	194	1.5	1/2	1/2	4/4	4	1	3/8	1/4	3/2		3	57	A3	3	1017
49	49	194	194	1.5	1/2	1/2	4/4	5	1	3/8	1/4	3/2		3	57	A3	3	1021
49	49	194	194	0.5	1/2	1/2	4/4	3	1	1/8	1/8	1	-1	4	64	E4	4	1012
49	49	194	194	0.5	1/2	1/2	4/4	2	1	1/8	1/8	1		3	69	A4	4	1006
49	49	194	194	0.5	1/2	1/2	4/4	1	1	1/8	1/8	1		1	79	G5	5	997
49	49	389/2	389/2	0.5	5/8	5/8	4/4	3	1	1/8	1/8	1		2	62	D4	4	1013
49	49	389/2	389/2	0.5	5/8	5/8	4/4	2	1	1/8	1/8	1		4	64	E4	4	1007
49	49	389/2	389/2	0.5	5/8	5/8	4/4	1	1	1/8	1/8	1		1	79	G5	5	998
49	49	195	195	1.0	3/4	3/4	4/4	3	1	1/4	1/4	1	1	0	60	C4	4	1014
49	49	195	195	1.0	3/4	3/4	4/4	2	1	1/4	1/4	1	1	3	69	A4	4	1008
49	49	195	195	0.5	3/4	3/4	4/4	1	1	1/8	1/8	1		6	78	F#5	5	999
49	49	391/2	391/2	0.5	7/8	7/8	4/4	4	1	1/8	1/8	1		3	57	A3	3	1018
49	49	391/2	391/2	0.5	7/8	7/8	4/4	5	1	1/8	1/8	1		3	57	A3	3	1022
49	49	391/2	391/2	0.5	7/8	7/8	4/4	1	1	1/8	1/8	1		4	76	E5	5	1000
50	50	196	196	1.0	0	0	4/4	4	1	1/4	1/4	1		5	59	B3	3	1038
50	50	196	196	1.0	0	0	4/4	5	1	1/4	1/4	1		5	59	B3	3	1041
50	50	196	196	0.5	0	0	4/4	3	1	1/8	1/8	1	-1	0	60	C4	4	1032
50	50	196	196	0.5	0	0	4/4	2	1	1/8	1/8	1	-1	3	69	A4	4	1026
50	50	196	196	1.0	0	0	4/4	1	1	1/4	1/4	1		9	75	D#5	5	1023
50	50	393/2	393/2	0.5	1/8	1/8	4/4	3	1	1/8	1/8	1		0	60	C4	4	1033
50	50	393/2	393/2	0.5	1/8	1/8	4/4	2	1	1/8	1/8	1		3	69	A4	4	1027
50	50	197	197	1.0	1/4	1/4	4/4	4	1	1/4	1/4	1		4	52	E3	3	1039
50	50	197	197	1.0	1/4	1/4	4/4	5	1	1/4	1/4	1		4	52	E3	3	1042
50	50	197	197	0.5	1/4	1/4	4/4	3	1	1/8	1/8	1		5	59	B3	3	1034
50	50	197	197	0.5	1/4	1/4	4/4	2	1	1/8	1/8	1		1	67	G4	4	1028
50	50	197	197	2.0	1/4	1/4	4/4	1	1	1/2	1/2	1		4	76	E5	5	1024
50	50	395/2	395/2	0.5	3/8	3/8	4/4	3	1	1/8	1/8	1		5	59	B3	3	1035
50	50	395/2	395/2	0.5	3/8	3/8	4/4	2	1	1/8	1/8	1		1	67	G4	4	1029
50	50	198	198	2.0	1/2	1/2	4/4	4	1	1/2	1/2	1		5	47	B2	2	1040
50	50	198	198	2.0	1/2	1/2	4/4	5	1	1/2	1/2	1		5	47	B2	2	1043
50	50	198	198	1.5	1/2	1/2	4/4	3	1	3/8	1/4	3/2		5	59	B3	3	1036
50	50	198	198	1.5	1/2	1/2	4/4	2	1	3/8	1/4	3/2		6	66	F#4	4	1030
50	50	199	199	1.0	3/4	3/4	4/4	1	1	1/4	1/4	1		9	75	D#5	5	1025
50	50	399/2	399/2	0.5	7/8	7/8	4/4	3	1	1/8	1/8	1		5	59	B3	3	1037
50	50	399/2	399/2	0.5	7/8	7/8	4/4	2	1	1/8	1/8	1		6	66	F#4	4	1031
51	51	200	200	2.0	0	0	4/4	4	1	1/2	1/2	1		4	52	E3	3	1051
51	51	200	200	2.0	0	0	4/4	5	1	1/2	1/2	1		4	52	E3	3	1053
51	51	200	200	2.0	0	0	4/4	3	1	1/2	1/2	1		5	59	B3	3	1050
51	51	200	200	1.0	0	0	4/4	2	1	1/4	1/4	1		1	67	G4	4	1045
51	51	200	200	2.0	0	0	4/4	1	1	1/2	1/2	1		4	76	E5	5	1044
51	51	202	202	2.0	1/2	1/2	4/4	4	1	1/2	1/2	1		1	55	G3	3	1052
51	51	202	202	2.0	1/2	1/2	4/4	5	1	1/2	1/2	1		1	55	G3	3	1054
51	51	202	202	0.75	1/2	1/2	4/4	2	1	3/16	1/8	3/2		4	64	E4	4	1046
51	51	811/4	811/4	0.25	11/16	11/16	4/4	2	1	1/16	1/16	1		6	66	F#4	4	1047
51	51	203	203	0.5	3/4	3/4	4/4	2	1	1/8	1/8	1		1	67	G4	4	1048
51	51	407/2	407/2	0.5	7/8	7/8	4/4	2	1	1/8	1/8	1		3	69	A4	4	1049
52	52	204	204	2.0	0	0	4/4	4	1	1/2	1/2	1		9	51	D#3	3	1065
52	52	204	204	2.0	0	0	4/4	5	1	1/2	1/2	1		9	51	D#3	3	1067
52	52	204	204	0.5	0	0	4/4	2	1	1/8	1/8	1		5	71	B4	4	1055
52	52	409/2	409/2	0.25	1/8	1/8	4/4	2	1	1/16	1/16	1		3	69	A4	4	1056
52	52	819/4	819/4	0.25	3/16	3/16	4/4	2	1	1/16	1/16	1		1	67	G4	4	1057
52	52	205	205	0.5	1/4	1/4	4/4	2	1	1/8	1/8	1		6	66	F#4	4	1058
52	52	411/2	411/2	0.5	3/8	3/8	4/4	2	1	1/8	1/8	1		1	67	G4	4	1059
52	52	206	206	2.0	1/2	1/2	4/4	4	1	1/2	1/2	1		0	60	C4	4	1066
52	52	206	206	2.0	1/2	1/2	4/4	5	1	1/2	1/2	1		0	60	C4	4	1068
52	52	206	206	0.5	1/2	1/2	4/4	2	1	1/8	1/8	1		3	69	A4	4	1060
52	52	413/2	413/2	0.25	5/8	5/8	4/4	2	1	1/16	1/16	1		1	67	G4	4	1061
52	52	827/4	827/4	0.25	11/16	11/16	4/4	2	1	1/16	1/16	1		6	66	F#4	4	1062
52	52	207	207	0.5	3/4	3/4	4/4	2	1	1/8	1/8	1		4	64	E4	4	1063
52	52	415/2	415/2	0.5	7/8	7/8	4/4	2	1	1/8	1/8	1		6	66	F#4	4	1064
53	53	208	208	0.75	0	0	4/4	3	1	3/16	1/8	3/2		5	59	B3	3	1076
53	53	208	208	2.0	0	0	4/4	4	1	1/2	1/2	1		5	59	B3	3	1082
53	53	208	208	2.0	0	0	4/4	5	1	1/2	1/2	1		5	59	B3	3	1087
53	53	208	208	0.5	0	0	4/4	2	1	1/8	1/8	1		9	63	D#4	4	1071
53	53	208	208	2.0	0	0	4/4	1	1	1/2	1/2	1		5	71	B4	4	1069
53	53	417/2	417/2	0.5	1/8	1/8	4/4	2	1	1/8	1/8	1		4	64	E4	4	1072
53	53	835/4	835/4	0.25	3/16	3/16	4/4	3	1	1/16	1/16	1		7	61	C#4	4	1077
53	53	209	209	0.5	1/4	1/4	4/4	3	1	1/8	1/8	1		2	62	D4	4	1078
53	53	209	209	0.5	1/4	1/4	4/4	2	1	1/8	1/8	1		6	66	F#4	4	1073
53	53	419/2	419/2	0.5	3/8	3/8	4/4	3	1	1/8	1/8	1		4	64	E4	4	1079
53	53	419/2	419/2	0.5	3/8	3/8	4/4	2	1	1/8	1/8	1		1	67	G4	4	1074
53	53	210	210	0.75	1/2	1/2	4/4	4	1	3/16	1/8	3/2		5	59	B3	3	1083
53	53	210	210	0.75	1/2	1/2	4/4	5	1	3/16	1/8	3/2		5	59	B3	3	1088
53	53	210	210	1.0	1/2	1/2	4/4	3	1	1/4	1/4	1		6	66	F#4	4	1080
53	53	210	210	2.0	1/2	1/2	4/4	2	1	1/2	1/2	1	1	6	66	F#4	4	1075
53	53	210	210	2.0	1/2	1/2	4/4	1	1	1/2	1/2	1		2	74	D5	5	1070
53	53	843/4	843/4	0.25	11/16	11/16	4/4	4	1	1/16	1/16	1		7	61	C#4	4	1084
53	53	843/4	843/4	0.25	11/16	11/16	4/4	5	1	1/16	1/16	1		7	61	C#4	4	1089
53	53	211	211	1.0	3/4	3/4	4/4	3	1	1/4	1/4	1		5	59	B3	3	1081
53	53	211	211	0.5	3/4	3/4	4/4	4	1	1/8	1/8	1		2	62	D4	4	1085
53	53	211	211	0.5	3/4	3/4	4/4	5	1	1/8	1/8	1		2	62	D4	4	1090
53	53	423/2	423/2	0.5	7/8	7/8	4/4	4	1	1/8	1/8	1		4	64	E4	4	1086
53	53	423/2	423/2	0.5	7/8	7/8	4/4	5	1	1/8	1/8	1		4	64	E4	4	1091
54	54	212	212	0.5	0	0	4/4	4	1	1/8	1/8	1		6	66	F#4	4	1107
54	54	212	212	0.5	0	0	4/4	5	1	1/8	1/8	1		6	66	F#4	4	1117
54	54	212	212	1.0	0	0	4/4	2	1	1/4	1/4	1	-1	6	66	F#4	4	1094
54	54	212	212	2.0	0	0	4/4	1	1	1/2	1/2	1		10	70	A#4	4	1092
54	54	425/2	425/2	0.5	1/8	1/8	4/4	3	1	1/8	1/8	1		7	61	C#4	4	1099
54	54	425/2	425/2	0.25	1/8	1/8	4/4	4	1	1/16	1/16	1		4	64	E4	4	1108
54	54	425/2	425/2	0.25	1/8	1/8	4/4	5	1	1/16	1/16	1		4	64	E4	4	1118
54	54	851/4	851/4	0.25	3/16	3/16	4/4	4	1	1/16	1/16	1		2	62	D4	4	1109
54	54	851/4	851/4	0.25	3/16	3/16	4/4	5	1	1/16	1/16	1		2	62	D4	4	1119
54	54	213	213	0.5	1/4	1/4	4/4	4	1	1/8	1/8	1		7	61	C#4	4	1110
54	54	213	213	0.5	1/4	1/4	4/4	5	1	1/8	1/8	1		7	61	C#4	4	1120
54	54	213	213	0.5	1/4	1/4	4/4	3	1	1/8	1/8	1		4	64	E4	4	1100
54	54	213	213	1.0	1/4	1/4	4/4	2	1	1/4	1/4	1	1	4	64	E4	4	1095
54	54	427/2	427/2	0.25	3/8	3/8	4/4	3	1	1/16	1/16	1		2	62	D4	4	1101
54	54	427/2	427/2	0.5	3/8	3/8	4/4	4	1	1/8	1/8	1		2	62	D4	4	1111
54	54	427/2	427/2	0.5	3/8	3/8	4/4	5	1	1/8	1/8	1		2	62	D4	4	1121
54	54	855/4	855/4	0.25	7/16	7/16	4/4	3	1	1/16	1/16	1		7	61	C#4	4	1102
54	54	214	214	0.5	1/2	1/2	4/4	3	1	1/8	1/8	1		5	59	B3	3	1103
54	54	214	214	0.5	1/2	1/2	4/4	2	1	1/8	1/8	1	-1	4	64	E4	4	1096
54	54	214	214	0.5	1/2	1/2	4/4	4	1	1/8	1/8	1		4	64	E4	4	1112
54	54	214	214	0.5	1/2	1/2	4/4	5	1	1/8	1/8	1		4	64	E4	4	1122
54	54	214	214	2.0	1/2	1/2	4/4	1	1	1/2	1/2	1		1	79	G5	5	1093
54	54	429/2	429/2	0.5	5/8	5/8	4/4	3	1	1/8	1/8	1		7	61	C#4	4	1104
54	54	429/2	429/2	0.25	5/8	5/8	4/4	4	1	1/16	1/16	1		2	62	D4	4	1113
54	54	429/2	429/2	0.25	5/8	5/8	4/4	5	1	1/16	1/16	1		2	62	D4	4	1123
54	54	429/2	429/2	0.5	5/8	5/8	4/4	2	1	1/8	1/8	1		1	67	G4	4	1097
54	54	859/4	859/4	0.25	11/16	11/16	4/4	4	1	1/16	1/16	1		7	61	C#4	4	1114
54	54	859/4	859/4	0.25	11/16	11/16	4/4	5	1	1/16	1/16	1		7	61	C#4	4	1124
54	54	215	215	0.5	3/4	3/4	4/4	4	1	1/8	1/8	1		5	59	B3	3	1115
54	54	215	215	0.5	3/4	3/4	4/4	5	1	1/8	1/8	1		5	59	B3	3	1125
54	54	215	215	0.5	3/4	3/4	4/4	3	1	1/8	1/8	1		2	62	D4	4	1105
54	54	215	215	1.0	3/4	3/4	4/4	2	1	1/4	1/4	1		5	71	B4	4	1098
54	54	431/2	431/2	0.5	7/8	7/8	4/4	4	1	1/8	1/8	1		7	61	C#4	4	1116
54	54	431/2	431/2	0.5	7/8	7/8	4/4	5	1	1/8	1/8	1		7	61	C#4	4	1126
54	54	431/2	431/2	0.5	7/8	7/8	4/4	3	1	1/8	1/8	1		4	64	E4	4	1106
55	55	216	216	0.5	0	0	4/4	4	1	1/8	1/8	1		2	62	D4	4	1139
55	55	216	216	0.5	0	0	4/4	5	1	1/8	1/8	1		2	62	D4	4	1146
55	55	216	216	0.5	0	0	4/4	3	1	1/8	1/8	1		6	66	F#4	4	1130
55	55	216	216	2.0	0	0	4/4	2	1	1/2	1/2	1		3	69	A4	4	1128
55	55	216	216	2.0	0	0	4/4	1	1	1/2	1/2	1		6	78	F#5	5	1127
55	55	433/2	433/2	0.25	1/8	1/8	4/4	4	1	1/16	1/16	1		7	61	C#4	4	1140
55	55	433/2	433/2	0.25	1/8	1/8	4/4	5	1	1/16	1/16	1		7	61	C#4	4	1147
55	55	433/2	433/2	0.25	1/8	1/8	4/4	3	1	1/16	1/16	1		4	64	E4	4	1131
55	55	867/4	867/4	0.25	3/16	3/16	4/4	4	1	1/16	1/16	1		5	59	B3	3	1141
55	55	867/4	867/4	0.25	3/16	3/16	4/4	5	1	1/16	1/16	1		5	59	B3	3	1148
55	55	867/4	867/4	0.25	3/16	3/16	4/4	3	1	1/16	1/16	1		2	62	D4	4	1132
55	55	217	217	0.5	1/4	1/4	4/4	4	1	1/8	1/8	1		7	61	C#4	4	1142
55	55	217	217	0.5	1/4	1/4	4/4	5	1	1/8	1/8	1		7	61	C#4	4	1149
55	55	217	217	0.5	1/4	1/4	4/4	3	1	1/8	1/8	1		4	64	E4	4	1133
55	55	435/2	435/2	0.5	3/8	3/8	4/4	4	1	1/8	1/8	1		9	63	D#4	4	1143
55	55	435/2	435/2	0.5	3/8	3/8	4/4	5	1	1/8	1/8	1		9	63	D#4	4	1150
55	55	435/2	435/2	0.5	3/8	3/8	4/4	3	1	1/8	1/8	1		6	66	F#4	4	1134
55	55	218	218	1.0	1/2	1/2	4/4	4	1	1/4	1/4	1		4	64	E4	4	1144
55	55	218	218	1.0	1/2	1/2	4/4	5	1	1/4	1/4	1		4	64	E4	4	1151
55	55	218	218	0.5	1/2	1/2	4/4	3	1	1/8	1/8	1		1	67	G4	4	1135
55	55	218	218	2.0	1/2	1/2	4/4	2	1	1/2	1/2	1		1	67	G4	4	1129
55	55	437/2	437/2	0.5	5/8	5/8	4/4	3	1	1/8	1/8	1		6	66	F#4	4	1136
55	55	219	219	1.0	3/4	3/4	4/4	4	1	1/4	1/4	1		4	52	E3	3	1145
55	55	219	219	1.0	3/4	3/4	4/4	5	1	1/4	1/4	1		4	52	E3	3	1152
55	55	219	219	0.5	3/4	3/4	4/4	3	1	1/8	1/8	1		4	64	E4	4	1137
55	55	439/2	439/2	0.5	7/8	7/8	4/4	3	1	1/8	1/8	1		5	59	B3	3	1138
56	56	220	220	1.5	0	0	4/4	3	1	3/8	1/4	3/2		0	60	C4	4	1156
56	56	220	220	1.5	0	0	4/4	5	1	3/8	1/4	3/2		0	72	C5	5	1160
56	56	221	221	2.0	1/4	1/4	4/4	2	1	1/2	1/2	1		3	69	A4	4	1154
56	56	443/2	443/2	0.5	3/8	3/8	4/4	3	1	1/8	1/8	1		0	60	C4	4	1157
56	56	443/2	443/2	0.5	3/8	3/8	4/4	5	1	1/8	1/8	1		0	72	C5	5	1161
56	56	222	222	1.0	1/2	1/2	4/4	3	1	1/4	1/4	1		7	61	C#4	4	1158
56	56	222	222	1.0	1/2	1/2	4/4	5	1	1/4	1/4	1		7	73	C#5	5	1162
56	56	223	223	1.0	3/4	3/4	4/4	3	1	1/4	1/4	1		7	61	C#4	4	1159
56	56	223	223	1.0	3/4	3/4	4/4	2	1	1/4	1/4	1		1	67	G4	4	1155
56	56	223	223	1.0	3/4	3/4	4/4	5	1	1/4	1/4	1		7	73	C#5	5	1163
56	56	223	223	1.0	3/4	3/4	4/4	1	1	1/4	1/4	1	1	4	76	E5	5	1153
57	57	224	224	0.5	0	0	4/4	3	1	1/8	1/8	1	1	2	62	D4	4	1175
57	57	224	224	1.0	0	0	4/4	2	1	1/4	1/4	1		6	66	F#4	4	1171
57	57	224	224	0.5	0	0	4/4	5	1	1/8	1/8	1		2	74	D5	5	1179
57	57	224	224	1.0	0	0	4/4	1	1	1/4	1/4	1	-1	4	76	E5	5	1164
57	57	449/2	449/2	0.5	1/8	1/8	4/4	3	1	1/8	1/8	1		3	57	A3	3	1176
57	57	449/2	449/2	0.5	1/8	1/8	4/4	5	1	1/8	1/8	1		3	69	A4	4	1180
57	57	225	225	2.0	1/4	1/4	4/4	3	1	1/2	1/2	1	-1	2	62	D4	4	1177
57	57	225	225	1.0	1/4	1/4	4/4	2	1	1/4	1/4	1		-1	65	F4	4	1172
57	57	225	225	0.5	1/4	1/4	4/4	1	1	1/8	1/8	1		2	74	D5	5	1165
57	57	225	225	2.0	1/4	1/4	4/4	5	1	1/2	1/2	1		2	74	D5	5	1181
57	57	451/2	451/2	0.5	3/8	3/8	4/4	1	1	1/8	1/8	1		0	72	C5	5	1166
57	57	226	226	1.0	1/2	1/2	4/4	2	1	1/4	1/4	1		8	68	G#4	4	1173
57	57	226	226	0.5	1/2	1/2	4/4	1	1	1/8	1/8	1		5	71	B4	4	1167
57	57	453/2	453/2	0.5	5/8	5/8	4/4	1	1	1/8	1/8	1		4	64	E4	4	1168
57	57	227	227	1.0	3/4	3/4	4/4	3	1	1/4	1/4	1		0	60	C4	4	1178
57	57	227	227	1.0	3/4	3/4	4/4	2	1	1/4	1/4	1	1	3	69	A4	4	1174
57	57	227	227	1.0	3/4	3/4	4/4	5	1	1/4	1/4	1		0	72	C5	5	1182
57	57	227	227	0.5	3/4	3/4	4/4	1	1	1/8	1/8	1		4	76	E5	5	1169
57	57	455/2	455/2	0.5	7/8	7/8	4/4	1	1	1/8	1/8	1		0	72	C5	5	1170
58	58	228	228	1.0	0	0	4/4	3	1	1/4	1/4	1		5	59	B3	3	1196
58	58	228	228	1.0	0	0	4/4	2	1	1/4	1/4	1	-1	3	69	A4	4	1193
58	58	228	228	1.0	0	0	4/4	5	1	1/4	1/4	1		5	71	B4	4	1200
58	58	228	228	0.5	0	0	4/4	1	1	1/8	1/8	1		2	74	D5	5	1183
58	58	457/2	457/2	0.5	1/8	1/8	4/4	1	1	1/8	1/8	1		0	72	C5	5	1184
58	58	229	229	2.0	1/4	1/4	4/4	3	1	1/2	1/2	1		4	64	E4	4	1197
58	58	229	229	1.0	1/4	1/4	4/4	2	1	1/4	1/4	1		8	68	G#4	4	1194
58	58	229	229	0.5	1/4	1/4	4/4	1	1	1/8	1/8	1		5	71	B4	4	1185
58	58	229	229	2.0	1/4	1/4	4/4	5	1	1/2	1/2	1		4	76	E5	5	1201
58	58	459/2	459/2	0.25	3/8	3/8	4/4	1	1	1/16	1/16	1		3	69	A4	4	1186
58	58	919/4	919/4	0.25	7/16	7/16	4/4	1	1	1/16	1/16	1		5	71	B4	4	1187
58	58	230	230	2.0	1/2	1/2	4/4	2	1	1/2	1/2	1		6	66	F#4	4	1195
58	58	230	230	0.5	1/2	1/2	4/4	1	1	1/8	1/8	1		7	73	C#5	5	1188
58	58	461/2	461/2	0.5	5/8	5/8	4/4	1	1	1/8	1/8	1		10	70	A#4	4	1189
58	58	231	231	1.0	3/4	3/4	4/4	4	1	1/4	1/4	1	1	5	59	B3	3	1199
58	58	231	231	1.0	3/4	3/4	4/4	5	1	1/4	1/4	1	1	5	59	B3	3	1202
58	58	231	231	1.0	3/4	3/4	4/4	3	1	1/4	1/4	1		2	62	D4	4	1198
58	58	231	231	0.5	3/4	3/4	4/4	1	1	1/8	1/8	1		2	74	D5	5	1190
58	58	463/2	463/2	0.25	7/8	7/8	4/4	1	1	1/16	1/16	1		7	73	C#5	5	1191
58	58	927/4	927/4	0.25	15/16	15/16	4/4	1	1	1/16	1/16	1		2	74	D5	5	1192
59	59	232	232	1.0	0	0	4/4	4	1	1/4	1/4	1	-1	5	59	B3	3	1217
59	59	232	232	1.0	0	0	4/4	5	1	1/4	1/4	1	-1	5	59	B3	3	1221
59	59	232	232	1.0	0	0	4/4	3	1	1/4	1/4	1		7	61	C#4	4	1214
59	59	232	232	1.0	0	0	4/4	2	1	1/4	1/4	1		1	67	G4	4	1208
59	59	232	232	0.5	0	0	4/4	1	1	1/8	1/8	1		4	76	E5	5	1203
59	59	465/2	465/2	0.5	1/8	1/8	4/4	1	1	1/8	1/8	1		2	74	D5	5	1204
59	59	233	233	1.0	1/4	1/4	4/4	4	1	1/4	1/4	1		3	57	A3	3	1218
59	59	233	233	1.0	1/4	1/4	4/4	5	1	1/4	1/4	1		3	57	A3	3	1222
59	59	233	233	2.0	1/4	1/4	4/4	3	1	1/2	1/2	1		6	66	F#4	4	1215
59	59	233	233	1.0	1/4	1/4	4/4	2	1	1/4	1/4	1		3	69	A4	4	1209
59	59	233	233	1.0	1/4	1/4	4/4	1	1	1/4	1/4	1		7	73	C#5	5	1205
59	59	234	234	1.0	1/2	1/2	4/4	4	1	1/4	1/4	1		1	55	G3	3	1219
59	59	234	234	1.0	1/2	1/2	4/4	5	1	1/4	1/4	1		1	55	G3	3	1223
59	59	234	234	0.5	1/2	1/2	4/4	2	1	1/8	1/8	1		5	71	B4	4	1210
59	59	234	234	1.5	1/2	1/2	4/4	1	1	3/8	1/4	3/2		5	71	B4	4	1206
59	59	469/2	469/2	0.5	5/8	5/8	4/4	2	1	1/8	1/8	1		3	69	A4	4	1211
59	59	235	235	1.0	3/4	3/4	4/4	4	1	1/4	1/4	1	1	0	60	C4	4	1220
59	59	235	235	1.0	3/4	3/4	4/4	5	1	1/4	1/4	1	1	0	60	C4	4	1224
59	59	235	235	1.0	3/4	3/4	4/4	3	1	1/4	1/4	1		4	64	E4	4	1216
59	59	235	235	0.5	3/4	3/4	4/4	2	1	1/8	1/8	1		1	67	G4	4	1212
59	59	471/2	471/2	0.5	7/8	7/8	4/4	2	1	1/8	1/8	1		4	64	E4	4	1213
59	59	471/2	471/2	0.5	7/8	7/8	4/4	1	1	1/8	1/8	1		3	69	A4	4	1207
60	60	236	236	1.0	0	0	4/4	4	1	1/4	1/4	1	-1	0	60	C4	4	1238
60	60	236	236	1.0	0	0	4/4	5	1	1/4	1/4	1	-1	0	60	C4	4	1242
60	60	236	236	1.0	0	0	4/4	3	1	1/4	1/4	1		9	63	D#4	4	1233
60	60	236	236	1.0	0	0	4/4	2	1	1/4	1/4	1		6	66	F#4	4	1228
60	60	236	236	1.0	0	0	4/4	1	1	1/4	1/4	1		3	69	A4	4	1225
60	60	237	237	1.0	1/4	1/4	4/4	4	1	1/4	1/4	1		5	59	B3	3	1239
60	60	237	237	1.0	1/4	1/4	4/4	5	1	1/4	1/4	1		5	59	B3	3	1243
60	60	237	237	1.0	1/4	1/4	4/4	2	1	1/4	1/4	1		1	67	G4	4	1229
60	60	237	237	1.5	1/4	1/4	4/4	3	1	3/8	1/4	3/2		1	67	G4	4	1234
60	60	237	237	1.0	1/4	1/4	4/4	1	1	1/4	1/4	1		5	71	B4	4	1226
60	60	238	238	1.5	1/2	1/2	4/4	4	1	3/8	1/4	3/2		3	57	A3	3	1240
60	60	238	238	2.0	1/2	1/2	4/4	5	1	1/2	1/2	1		3	57	A3	3	1244
60	60	238	238	0.5	1/2	1/2	4/4	2	1	1/8	1/8	1		3	69	A4	4	1230
60	60	238	238	2.0	1/2	1/2	4/4	1	1	1/2	1/2	1	1	0	72	C5	5	1227
60	60	477/2	477/2	0.5	5/8	5/8	4/4	2	1	1/8	1/8	1		4	64	E4	4	1231
60	60	477/2	477/2	0.5	5/8	5/8	4/4	3	1	1/8	1/8	1		1	67	G4	4	1235
60	60	239	239	0.5	3/4	3/4	4/4	3	1	1/8	1/8	1		6	66	F#4	4	1236
60	60	239	239	1.0	3/4	3/4	4/4	2	1	1/4	1/4	1	1	3	69	A4	4	1232
60	60	479/2	479/2	0.5	7/8	7/8	4/4	4	1	1/8	1/8	1		3	57	A3	3	1241
60	60	479/2	479/2	0.5	7/8	7/8	4/4	3	1	1/8	1/8	1		4	64	E4	4	1237
61	61	240	240	1.0	0	0	4/4	4	1	1/4	1/4	1		5	59	B3	3	1258
61	61	240	240	1.0	0	0	4/4	5	1	1/4	1/4	1		5	59	B3	3	1262
61	61	240	240	1.0	0	0	4/4	3	1	1/4	1/4	1		9	63	D#4	4	1255
61	61	240	240	0.5	0	0	4/4	2	1	1/8	1/8	1	-1	3	69	A4	4	1249
61	61	240	240	1.0	0	0	4/4	1	1	1/4	1/4	1	-1	0	72	C5	5	1245
61	61	481/2	481/2	0.5	1/8	1/8	4/4	2	1	1/8	1/8	1		3	69	A4	4	1250
61	61	241	241	1.0	1/4	1/4	4/4	4	1	1/4	1/4	1		4	52	E3	3	1259
61	61	241	241	1.0	1/4	1/4	4/4	5	1	1/4	1/4	1		4	52	E3	3	1263
61	61	241	241	2.0	1/4	1/4	4/4	3	1	1/2	1/2	1		4	64	E4	4	1256
61	61	241	241	0.5	1/4	1/4	4/4	2	1	1/8	1/8	1		1	67	G4	4	1251
61	61	241	241	1.0	1/4	1/4	4/4	1	1	1/4	1/4	1		5	71	B4	4	1246
61	61	483/2	483/2	0.5	3/8	3/8	4/4	2	1	1/8	1/8	1		1	67	G4	4	1252
61	61	242	242	1.5	1/2	1/2	4/4	4	1	3/8	1/4	3/2		5	47	B2	2	1260
61	61	242	242	2.0	1/2	1/2	4/4	5	1	1/2	1/2	1		5	47	B2	2	1264
61	61	242	242	1.5	1/2	1/2	4/4	2	1	3/8	1/4	3/2		6	66	F#4	4	1253
61	61	242	242	1.5	1/2	1/2	4/4	1	1	3/8	1/4	3/2		5	71	B4	4	1247
61	61	243	243	1.0	3/4	3/4	4/4	3	1	1/4	1/4	1		9	63	D#4	4	1257
61	61	487/2	487/2	0.5	7/8	7/8	4/4	4	1	1/8	1/8	1		5	47	B2	2	1261
61	61	487/2	487/2	0.5	7/8	7/8	4/4	2	1	1/8	1/8	1		6	66	F#4	4	1254
61	61	487/2	487/2	0.5	7/8	7/8	4/4	1	1	1/8	1/8	1		5	71	B4	4	1248
62	62	244	244	1.0	0	0	4/4	4	1	1/4	1/4	1		4	52	E3	3	1275
62	62	244	244	4.0	0	0	4/4	5	1	1	1	1	1	4	52	E3	3	1279
62	62	244	244	1.0	0	0	4/4	3	1	1/4	1/4	1		4	64	E4	4	1272
62	62	244	244	1.0	0	0	4/4	2	1	1/4	1/4	1		1	67	G4	4	1269
62	62	244	244	0.5	0	0	4/4	1	1	1/8	1/8	1		5	71	B4	4	1265
62	62	489/2	489/2	1.0	1/8	1/8	4/4	1	1	1/4	1/4	1		4	76	E5	5	1266
62	62	245	245	1.0	1/4	1/4	4/4	4	1	1/4	1/4	1		4	52	E3	3	1276
62	62	245	245	1.0	1/4	1/4	4/4	3	1	1/4	1/4	1		8	56	G#3	3	1273
62	62	245	245	2.0	1/4	1/4	4/4	2	1	1/2	1/2	1		5	71	B4	4	1270
62	62	491/2	491/2	0.5	3/8	3/8	4/4	1	1	1/8	1/8	1		2	74	D5	5	1267
62	62	246	246	1.5	1/2	1/2	4/4	4	1	3/8	1/4	3/2		4	52	E3	3	1277
62	62	246	246	2.0	1/2	1/2	4/4	3	1	1/2	1/2	1	1	4	64	E4	4	1274
62	62	246	246	2.0	1/2	1/2	4/4	1	1	1/2	1/2	1	1	0	72	C5	5	1268
62	62	247	247	1.0	3/4	3/4	4/4	2	1	1/4	1/4	1		3	69	A4	4	1271
62	62	495/2	495/2	0.5	7/8	7/8	4/4	4	1	1/8	1/8	1		4	52	E3	3	1278
63	63	248	248	4.0	0	0	4/4	4	1	1	1	1		4	52	E3	3	1290
63	63	248	248	4.0	0	0	4/4	5	1	1	1	1	-1	4	52	E3	3	1291
63	63	248	248	1.0	0	0	4/4	3	1	1/4	1/4	1	-1	4	64	E4	4	1287
63	63	248	248	0.5	0	0	4/4	2	1	1/8	1/8	1		8	68	G#4	4	1284
63	63	248	248	1.0	0	0	4/4	1	1	1/4	1/4	1	-1	0	72	C5	5	1280
63	63	497/2	497/2	0.5	1/8	1/8	4/4	2	1	1/8	1/8	1		6	66	F#4	4	1285
63	63	249	249	1.0	1/4	1/4	4/4	3	1	1/4	1/4	1		4	64	E4	4	1288
63	63	249	249	2.0	1/4	1/4	4/4	2	1	1/2	1/2	1		8	68	G#4	4	1286
63	63	249	249	0.5	1/4	1/4	4/4	1	1	1/8	1/8	1		5	71	B4	4	1281
63	63	499/2	499/2	0.5	3/8	3/8	4/4	1	1	1/8	1/8	1		3	69	A4	4	1282
63	63	250	250	2.0	1/2	1/2	4/4	3	1	1/2	1/2	1		4	64	E4	4	1289
63	63	250	250	2.0	1/2	1/2	4/4	1	1	1/2	1/2	1		5	71	B4	4	1283
